"img-link href","photo-count","list-view-price","list-view-date","celly","celly 2","celly 3","celly 4","list-view-header","list-view-location","wp-btn","he-lazy-image src"
"https://www.hepsiemlak.com/afyonkarahisar-merkez-selcuklu-satilik/daire/156595-63","17","4.350.000","11-09-2025","2 +
                          1","102 m²","1
                        Yaşında","1. Kat","Uydukent Niko Devlet Hastanesi Yakını Satılık Geniş Satık 2+1","Afyonkarahisar / Merkez / Selçuklu Mah.","Whatsapp",""
"https://www.hepsiemlak.com/afyonkarahisar-merkez-fatih-satilik/daire/145595-242","19","2.300.000","10-09-2025","3 +
                          1","105 m²","13
                        Yaşında","Ara Kat","Nazmi Saatçi Mahallesinde 3+1 Lüks Daire","Afyonkarahisar / Merkez / Fatih Mah.","Whatsapp",""
"https://www.hepsiemlak.com/afyonkarahisar-merkez-guvenevler-satilik/daire/143765-644","23","3.250.000","28-08-2025","3 +
                          1","120 m²","23
                        Yaşında","3. Kat","Nokta Emlak'tan Güvenevler Mh. 3+1 Kiralık Daire","Afyonkarahisar / Merkez / Güvenevler Mah.","Whatsapp",""
"https://www.hepsiemlak.com/afyonkarahisar-merkez-istiklal-satilik/daire/154976-89","22","2.950.000","09-09-2025","3 +
                          1","124 m²","16
                        Yaşında","4. Kat","Afyon Merkez İstiklal Mahallesinde 3+1 Satılık Daire","Afyonkarahisar / Merkez / İstiklal Mah.","Whatsapp","https://hecdn01.hemlak.com/mncropresize/182/137/ds01/2/3/7/3/2/2/5/4/73401c11-fe6d-4d98-8686-1abb9a8e1f2d.jpeg"
"https://www.hepsiemlak.com/afyonkarahisar-merkez-dumlupinar-satilik/daire/156595-57","30","5.750.000","11-09-2025","3 +
                          1","170 m²","26
                        Yaşında","4. Kat","Afyon'un En İşlek Caddesinde Yeşilyolda 3+1 Fırsat Satılık Daire","Afyonkarahisar / Merkez / Dumlupınar Mah.","Whatsapp","https://hecdn01.hemlak.com/mncropresize/182/137/ds01/9/7/3/6/7/1/5/4/f9cd6a50-b89f-4153-bcc3-7ca2670d8508.jpeg"
"https://www.hepsiemlak.com/afyonkarahisar-merkez-fatih-satilik/daire/145595-198","19","4.100.000","09-09-2025","3 +
                          1","125 m²","Sıfır Bina","2. Kat","Afyon Tezcan Emlaktan Fatih Mahallesinde Sıfır 3+1 Daireler","Afyonkarahisar / Merkez / Fatih Mah.","Whatsapp","https://hecdn01.hemlak.com/mncropresize/182/137/ds01/9/7/1/0/3/9/4/4/9b68602e-56a4-4bb1-b3c1-2502ed787d6f.jpg"
"https://www.hepsiemlak.com/afyonkarahisar-merkez-cumhuriyet-satilik/daire/149466-115","19","1.200.000","15-09-2025","2 +
                          1","105 m²","31
                        Yaşında","Bodrum","Sağlam Emlaktan Ambaryolunda Satılık Bodrum Bahçe Katı","Afyonkarahisar / Merkez / Cumhuriyet Mah.","Whatsapp","https://hecdn01.hemlak.com/mncropresize/182/137/ds01/6/0/8/1/5/2/5/4/63fbb639-c56d-4155-9418-b0e6e40b54f2.jpeg"
"https://www.hepsiemlak.com/afyonkarahisar-merkez-selcuklu-satilik/daire/113196-288","14","5.950.000","15-09-2025","4 +
                          1","170 m²","5
                        Yaşında","3. Kat","Koçoğlundan Selçuklu Da Akarçay Manzaralı 4+1 Arakat Satılık","Afyonkarahisar / Merkez / Selçuklu Mah.","Whatsapp","https://hecdn01.hemlak.com/mncropresize/182/137/ds01/9/7/4/3/4/9/4/4/cfba36cc-8696-4fda-ab35-03c0aa4f2332.jpeg"
"https://www.hepsiemlak.com/afyonkarahisar-merkez-selcuklu-satilik/daire/149466-112","15","2.600.000","10-09-2025","1 +
                          1","53 m²","4
                        Yaşında","Yüksek Giriş","Sağlam Emlaktan  Selçukluda Satılık Eşyalı 1+1daire","Afyonkarahisar / Merkez / Selçuklu Mah.","Whatsapp","https://hecdn01.hemlak.com/mncropresize/182/137/ds01/8/8/8/5/2/2/5/4/1757486832-256187-45225888.jpeg"
"https://www.hepsiemlak.com/afyonkarahisar-merkez-selcuklu-satilik/daire/156595-61","14","2.900.000","11-09-2025","1 +
                          1","54 m²","1
                        Yaşında","1. Kat","Uydukent Yatırımlık Fırsat Taksitli 1+1 Eşyalı","Afyonkarahisar / Merkez / Selçuklu Mah.","Whatsapp","https://hecdn01.hemlak.com/mncropresize/182/137/ds01/0/2/0/5/3/2/5/4/e77b7f1585c6382f494a1c3d79269933ff15119abf43e4060957007c7ecbb5208036cf464e4319614907816dc6b6e78a.jpg"
"https://www.hepsiemlak.com/afyonkarahisar-merkez-gazi-satilik/daire/62013-713","30","3.190.000","06-09-2025","3 +
                          1","125 m²","21
                        Yaşında","3. Kat","Salim Grp Emlak- Gazi Mh 3+1 Merkezi Konumda Daire","Afyonkarahisar / Merkez / Gazi Mah.","Whatsapp","https://hecdn01.hemlak.com/mncropresize/182/137/ds01/0/9/9/8/2/1/5/4/c83a6ea4-594f-448c-b7f7-370fcfd0865e.jpeg"
"https://www.hepsiemlak.com/afyonkarahisar-merkez-istiklal-satilik/daire/0-45025754","28","5.150.000","24-08-2025","3 +
                          1","134 m²","Sıfır Bina","3. Kat","Acil Satılık Türk İş Prestiǰ Konutlarında 3+1 Lüks Daire","Afyonkarahisar / Merkez / İstiklal Mah.","Whatsapp","https://hecdn01.hemlak.com/mncropresize/182/137/ds01/4/5/7/5/2/0/5/4/1754045293855-45025754.jpg"
"https://www.hepsiemlak.com/afyonkarahisar-merkez-erkmen-hurriyet-satilik/daire/0-44978493","22","6.000.000","20-08-2025","4 +
                          1","170 m²","Sıfır Bina","5. Kat","Sahibinden Erkmende 4+1 Ultra Lüks Satılık Sıfır Daire","Afyonkarahisar / Merkez / Erkmen (Hürriyet) Mah.","Whatsapp","https://hecdn01.hemlak.com/mncropresize/182/137/ds01/3/9/4/8/7/9/4/4/1753204410-222091-44978493.jpeg"
"https://www.hepsiemlak.com/afyonkarahisar-merkez-erenler-satilik/daire/0-44977344","15","1.350.000","10-09-2025","1 +
                          1","60 m²","9
                        Yaşında","2. Kat","Afyon Kocatepe Üniversitesi Karşısı Erenler Merkez 1+1 Eşyalı Doğalgazlı Kiracılı Acil Satılık","Afyonkarahisar / Merkez / Erenler Mah.","Whatsapp","https://hecdn01.hemlak.com/mncropresize/182/137/ds01/4/4/3/7/7/9/4/4/O598phHpUVDTK5TkFut2-.jpg"
"https://www.hepsiemlak.com/afyonkarahisar-dinar-pancar-satilik/daire/0-44959231","16","2.500.000","22-08-2025","6 +
                          2","236 m²","20
                        Yaşında","3. Kat","3+1 Son Kalan 2 Daire Dinarın En Uygun Fiyatları Çarşı Merkez İlk Gelen Alır İster Dubleks Niyetine","Afyonkarahisar / Dinar / Pancar Mah.","Whatsapp","https://hecdn01.hemlak.com/mncropresize/182/137/ds01/1/3/2/9/5/9/4/4/QqHUVmQA3jxFgHHIYt7sT.jpg"
"https://www.hepsiemlak.com/afyonkarahisar-merkez-esrefpasa-satilik/daire/118665-42","22","3.800.000","04-09-2025","3 +
                          1","125 m²","8
                        Yaşında","Kot 3","8 Yıllık Binada Satılık 3.1","Afyonkarahisar / Merkez / Eşrefpaşa Mah.","Whatsapp","https://hecdn01.hemlak.com/mncropresize/182/137/ds01/3/7/0/3/8/1/5/4/1756806162602-45183073.jpg"
"https://www.hepsiemlak.com/afyonkarahisar-dinar-korubasi-satilik/daire/0-44983781","14","4.665.000","10-09-2025","3 +
                          1","180 m²","9
                        Yaşında","3. Kat","Sahibinden Acar Sitesi","Afyonkarahisar / Dinar / Korubaşı Mah.","Whatsapp","https://hecdn01.hemlak.com/mncropresize/182/137/ds01/1/8/7/3/8/9/4/4/1753291109451-44983781.jpg"
"https://www.hepsiemlak.com/afyonkarahisar-merkez-dortyol-satilik/daire/142896-41","6","2.550.000","12-09-2025","2 +
                          1","88 m²","1
                        Yaşında","Zemin","Sadıkbey Toki Evlerinde   Satılık   Yeni  Daire","Afyonkarahisar / Merkez / Dörtyol Mah.","Whatsapp","https://hecdn01.hemlak.com/mncropresize/182/137/ds01/4/1/1/4/6/3/3/4/f3b70a16-ae67-4d9d-868f-9cb6d832cfec.jpg"
"https://www.hepsiemlak.com/afyonkarahisar-merkez-fatih-satilik/daire/154287-14","13","4.000.000","12-08-2025","3 +
                          1","140 m²","Sıfır Bina","Ara Kat","Harbiş Emlak Ve Yapıdan Sıfır Geniş (140 M2 )  Ferah Güney Cepheli Satılık Daire.","Afyonkarahisar / Merkez / Fatih Mah.","Whatsapp","https://hecdn01.hemlak.com/mncropresize/182/137/ds01/9/7/7/5/7/0/4/4/1737478136-946496-44075779.jpeg"
"https://www.hepsiemlak.com/afyonkarahisar-merkez-dumlupinar-satilik/daire/62013-710","38","2.750.000","06-09-2025","3 +
                          1","120 m²","31
                        Yaşında","4. Kat","Salim Grp Emlak - Dumlupınar Mh 3+1 Satılık Daire","Afyonkarahisar / Merkez / Dumlupınar Mah.","Whatsapp","https://hecdn01.hemlak.com/mncropresize/182/137/ds01/7/7/9/8/2/1/5/4/17d33b93-8814-4c04-a86e-69dec81118d7.jpeg"
"https://www.hepsiemlak.com/afyonkarahisar-merkez-maresal-fevzi-cakmak-satilik/daire/156595-56","13","3.650.000","11-09-2025","3 +
                          1","105 m²","Sıfır Bina","2. Kat","Mareşalde Bayraktepe Camii'ne Yakın 3+1 Sıfır Daireler","Afyonkarahisar / Merkez / Mareşal Fevzi Çakmak Mah.","Whatsapp","https://hecdn01.hemlak.com/mncropresize/182/137/ds01/9/6/3/6/7/1/5/4/7e9183fd-1324-45c7-be6f-d0a547489802.jpeg"
"https://www.hepsiemlak.com/afyonkarahisar-merkez-kanlica-satilik/daire/118665-41","13","3.700.000","02-09-2025","3 +
                          1","105 m²","Sıfır Bina","Zemin","Kanlıcada Satılık Sıfır Daıre","Afyonkarahisar / Merkez / Kanlıca Mah.","Whatsapp","https://hecdn01.hemlak.com/mncropresize/182/137/ds01/9/5/9/2/8/1/5/4/1756805294802-45182959.jpg"
"https://www.hepsiemlak.com/afyonkarahisar-merkez-erkmen-cumhuriyet-satilik/daire/155955-32","17","4.500.000","08-09-2025","3 +
                          1","170 m²","11
                        Yaşında","2. Kat","Erkmen'in Gözdesi Fidankent Sitesinde Satılık Güney Cephe Daire","Afyonkarahisar / Merkez / Erkmen (Cumhuriyet) Mah.","Whatsapp","https://hecdn01.hemlak.com/mncropresize/182/137/ds01/3/0/0/5/1/2/5/4/12044913-92fd-4e0c-877d-000f9c4252e7.jpeg"
"https://www.hepsiemlak.com/afyonkarahisar-merkez-karaman-satilik/daire/62013-725","24","2.950.000","06-09-2025","3 +
                          1","140 m²","21
                        Yaşında","Giriş Katı","Ordu Bulvarı Yakını Satılık 3+1 Geniş Daire Yada Ofis","Afyonkarahisar / Merkez / Karaman Mah.","Whatsapp","https://hecdn01.hemlak.com/mncropresize/182/137/ds01/8/9/0/9/2/1/5/4/df43d145-1f06-4899-832d-0ff19fde0a1f.jpeg"
"https://www.hepsiemlak.com/afyonkarahisar-merkez-dumlupinar-satilik/daire/144320-71","8","2.340.000","12-09-2025","3 +
                          1","125 m²","31
                        Yaşında","3. Kat","Dumlupınar Mah Satılık 3+1","Afyonkarahisar / Merkez / Dumlupınar Mah.","Whatsapp",""
"https://www.hepsiemlak.com/afyonkarahisar-merkez-erenler-satilik/daire/116282-1242","11","1.500.000","21-08-2025","2 +
                          0","60 m²","5
                        Yaşında","1. Kat","Sılam Emlak'tan Erenler Mah.2+0 Satılık Daire","Afyonkarahisar / Merkez / Erenler Mah.","Whatsapp",""
"https://www.hepsiemlak.com/afyonkarahisar-merkez-maresal-fevzi-cakmak-satilik/daire/153665-103","27","4.200.000","10-09-2025","3 +
                          1","130 m²","Sıfır Bina","3. Kat","Maraşal Fevzi Çakmak Mahallesin De 3+1 Satılık Lüks Daire","Afyonkarahisar / Merkez / Mareşal Fevzi Çakmak Mah.","Whatsapp",""
"https://www.hepsiemlak.com/afyonkarahisar-merkez-hoca-ahmet-yesevi-satilik/daire/153501-23","20","2.250.000","02-09-2025","2 +
                          1","90 m²","11
                        Yaşında","1. Kat","Sahıpata Huzur Kent Tokılerde 2+1 82 M2 Daıre Acıl Satılıktır","Afyonkarahisar / Merkez / Hoca Ahmet Yesevi Mah.","Whatsapp","https://hecdn01.hemlak.com/mncropresize/182/137/ds01/4/9/6/2/5/0/5/4/14a1f3c2-448c-4375-8985-831332ac891e.jpeg"
"https://www.hepsiemlak.com/afyonkarahisar-bolvadin-ihsaniye-satilik/daire/0-45007256","22","2.500.000","12-08-2025","3 +
                          1","120 m²","11
                        Yaşında","Ara Kat","Satılık Konumu Güzel Daire","Afyonkarahisar / Bolvadin / İhsaniye Mah.","Whatsapp","https://hecdn01.hemlak.com/mncropresize/182/137/ds01/6/5/2/7/0/0/5/4/F1y0IpkB4-tGddnb3LvQY.jpg"
"https://www.hepsiemlak.com/afyonkarahisar-merkez-erenler-satilik/daire/155955-28","21","1.350.000","08-09-2025","1 +
                          1","48 m²","Sıfır Bina","1. Kat","Afyon Merkez Erenler Mahallesi'nde Satılık 1+1 Eşyalı Daire","Afyonkarahisar / Merkez / Erenler Mah.","Whatsapp","https://hecdn01.hemlak.com/mncropresize/182/137/ds01/9/7/9/4/1/2/5/4/5364817a-f3ca-4a4b-8d77-fe1d06a22320.jpeg"
"https://www.hepsiemlak.com/afyonkarahisar-merkez-battalgazi-satilik/daire/149466-96","35","2.425.000","09-08-2025","2 +
                          1","95 m²","3
                        Yaşında","En Üst Kat","Sağlam Emlaktan Çetınkaya Tokilerde Satılık Fırsat 2+1daire","Afyonkarahisar / Merkez / Battalgazi Mah.","Whatsapp","https://hecdn01.hemlak.com/mncropresize/182/137/ds01/3/7/9/1/4/0/5/4/1754387062-7607698-45041973.jpeg"
"https://www.hepsiemlak.com/afyonkarahisar-merkez-guvenevler-satilik/daire/62013-723","20","4.490.000","06-09-2025","3 +
                          1","120 m²","5
                        Yaşında","6. Kat","Güvenevler Mah. Türk İş Konutlarinda Satılık 3+1 Daire","Afyonkarahisar / Merkez / Güvenevler Mah.","Whatsapp","https://hecdn01.hemlak.com/mncropresize/182/137/ds01/1/7/0/9/2/1/5/4/a0a2f3d9-4881-4f62-84f6-1649ccb1b7e7.jpeg"
"https://www.hepsiemlak.com/afyonkarahisar-merkez-zafer-satilik/daire/155955-27","32","4.050.000","08-09-2025","3 +
                          1","140 m²","11
                        Yaşında","1. Kat","Afyon Merkez Zafer Mahallesi'nde Satılık 3+1 Fırsat Daire","Afyonkarahisar / Merkez / Zafer Mah.","Whatsapp","https://hecdn01.hemlak.com/mncropresize/182/137/ds01/5/7/9/4/1/2/5/4/162af2ec-5e2f-40c5-b3d7-17e622d41951.jpeg"
"https://www.hepsiemlak.com/afyonkarahisar-merkez-dumlupinar-satilik/daire/156595-53","35","4.400.000","01-09-2025","3 +
                          1","165 m²","16
                        Yaşında","1. Kat","Dumlupınar Yeşil Yol Şemsettin Ortaokulu Yakını Geniş 3+1","Afyonkarahisar / Merkez / Dumlupınar Mah.","Whatsapp","https://hecdn01.hemlak.com/mncropresize/182/137/ds01/7/5/3/6/7/1/5/4/bcafc70b-9237-4624-86d2-6b89ae30f8da.jpeg"
"https://www.hepsiemlak.com/afyonkarahisar-merkez-hattat-karahisar-satilik/daire/149466-75","35","2.775.000","07-09-2025","3 +
                          1","125 m²","23
                        Yaşında","3. Kat","Sağlam Emlaktan Atatürk Caddesinde Satılık 3+1daire","Afyonkarahisar / Merkez / Hattat Karahisar Mah.","Whatsapp","https://hecdn01.hemlak.com/mncropresize/182/137/ds01/1/8/3/9/3/8/4/4/1750797697-955086-44839381.jpeg"
"https://www.hepsiemlak.com/afyonkarahisar-merkez-dervis-pasa-satilik/daire/62013-719","20","2.350.000","06-09-2025","3 +
                          1","110 m²","21
                        Yaşında","1. Kat","Dervişpaşa Mahallesinde 3+1 Ara Kat Satılık Daire","Afyonkarahisar / Merkez / Derviş Paşa Mah.","Whatsapp","https://hecdn01.hemlak.com/mncropresize/182/137/ds01/2/4/0/9/2/1/5/4/b967862d-6019-47ac-a71b-f70be499304f.jpeg"
"https://www.hepsiemlak.com/afyonkarahisar-dinar-gazi-mehmet-cavus-satilik/daire/0-45018217","10","2.550.000","31-07-2025","3 +
                          1","130 m²","4
                        Yaşında","4. Kat","Sahibinden Az Kullanılmış Sıfır Ayarında Dinar Suçıkan Toki'de 3+1 Daire","Afyonkarahisar / Dinar / Gazi Mehmet Çavuş Mah.","Whatsapp","https://hecdn01.hemlak.com/mncropresize/182/137/ds01/7/1/2/8/1/0/5/4/72da9dc9-b64a-4b60-be62-7debde1ff182.jpg"
"https://www.hepsiemlak.com/afyonkarahisar-merkez-erenler-satilik/daire/155955-26","21","1.350.000","08-09-2025","2 +
                          0","50 m²","5
                        Yaşında","3. Kat","Afyon Merkez Erenler Mahallesi'nde Satılık Hazır Kiracılı Daire","Afyonkarahisar / Merkez / Erenler Mah.","Whatsapp","https://hecdn01.hemlak.com/mncropresize/182/137/ds01/2/7/9/4/1/2/5/4/e041182e-f53e-42ec-be9e-a498a79444d3.jpeg"
"https://www.hepsiemlak.com/afyonkarahisar-merkez-marulcu-satilik/daire/113196-293","35","4.550.000","15-09-2025","3 +
                          1","117 m²","21
                        Yaşında","2. Kat","Koçoğlundan Komple Yeşilyol Manzaralı 3+1 Satılık Daire","Afyonkarahisar / Merkez / Marulcu Mah.","Whatsapp","https://hecdn01.hemlak.com/mncropresize/182/137/ds01/6/8/1/1/8/1/5/4/a20a8258-cc07-4a09-91e3-15576ffbd195.jpeg"
"https://www.hepsiemlak.com/afyonkarahisar-merkez-fatih-satilik/daire/143765-641","21","3.750.000","05-09-2025","3 +
                          1","140 m²","8
                        Yaşında","1. Kat","Nokta Emlak'tan Fatih Mh.3+1 Satılık Daire","Afyonkarahisar / Merkez / Fatih Mah.","Whatsapp","https://hecdn01.hemlak.com/mncropresize/182/137/ds01/6/3/6/0/6/0/5/4/1754656978322-45060636.jpg"
"https://www.hepsiemlak.com/afyonkarahisar-merkez-erenler-satilik/daire/155955-23","15","1.520.000","08-09-2025","2 +
                          1","58 m²","11
                        Yaşında","4. Kat","Afyon Merkez Erenler Mahallesinde Eşyalı 2+1 Satılık Daire","Afyonkarahisar / Merkez / Erenler Mah.","Whatsapp","https://hecdn01.hemlak.com/mncropresize/182/137/ds01/1/2/9/4/1/2/5/4/8a398988-26c3-4f49-b793-6e25636b4b7b.jpeg"
"https://www.hepsiemlak.com/afyonkarahisar-merkez-hasan-karaagac-satilik/daire/62013-724","18","2.280.000","06-09-2025","2 +
                          0","55 m²","4
                        Yaşında","1. Kat","Salim Grp Emlaktan Hasan Karaağaç Mh 2+0 Suıt Daire Satılık","Afyonkarahisar / Merkez / Hasan Karaağaç Mah.","Whatsapp","https://hecdn01.hemlak.com/mncropresize/182/137/ds01/2/9/0/9/2/1/5/4/7c3f8cc5-8195-4be6-ad89-f56aa0347447.jpeg"
"https://www.hepsiemlak.com/afyonkarahisar-merkez-ornekevler-satilik/daire/154976-87","29","3.200.000","08-09-2025","3 +
                          1","160 m²","20
                        Yaşında","1. Kat","Afyon Merkez Örnekevler Mahallesi 3+1 Geniş Satılık Daire","Afyonkarahisar / Merkez / Örnekevler Mah.","Whatsapp","https://hecdn01.hemlak.com/mncropresize/182/137/ds01/7/7/4/1/7/1/5/4/538ede13-1854-44a6-93c0-e8d4980f1785.jpg"
"https://www.hepsiemlak.com/afyonkarahisar-merkez-kocatepe-satilik/daire/155955-22","17","1.975.000","08-09-2025","3 +
                          1","110 m²","31
                        Yaşında","3. Kat","Afyon Merkez Harbiş Kocatepe Mahallesi'nde 3+1 Satılık Daire","Afyonkarahisar / Merkez / Kocatepe Mah.","Whatsapp","https://hecdn01.hemlak.com/mncropresize/182/137/ds01/4/1/9/4/1/2/5/4/85b0fdf0-66c1-43da-96c4-2165e19e3f9c.jpeg"
"https://www.hepsiemlak.com/afyonkarahisar-merkez-yarenler-satilik/daire/87840-3358","14","2.450.000","08-09-2025","2 +
                          1","95 m²","6
                        Yaşında","3. Kat","Öztürk Emlak'tan Merkez Yarenler Mh'de Asansörlü Bakımlı 2+1 Daire","Afyonkarahisar / Merkez / Yarenler Mah.","Whatsapp","https://hecdn01.hemlak.com/mncropresize/182/137/ds01/3/6/5/7/1/2/5/4/4f98796a-8294-4cbd-aa6f-598d391b98cb.jpg"
"https://www.hepsiemlak.com/afyonkarahisar-merkez-erenler-satilik/daire/153501-22","6","1.300.000","02-09-2025","1 +
                          1","55 m²","5
                        Yaşında","2. Kat","Erenler Anayola Cok Yakın 50m2 Net Arakat 1+1 Daıre","Afyonkarahisar / Merkez / Erenler Mah.","Whatsapp","https://hecdn01.hemlak.com/mncropresize/182/137/ds01/3/9/6/2/5/0/5/4/59c6eeaa-b35d-4f3d-9ba9-c64f50901f46.jpeg"
"https://www.hepsiemlak.com/afyonkarahisar-merkez-ali-ihsan-pasa-satilik/daire/113196-292","25","2.350.000","15-09-2025","3 +
                          1","130 m²","16
                        Yaşında","Zemin","Koçoğlundan Ali İhsan Paşa Mah. 3+1 Zemin Kat Satılık Daire","Afyonkarahisar / Merkez / Ali İhsan Paşa Mah.","Whatsapp","https://hecdn01.hemlak.com/mncropresize/182/137/ds01/5/8/1/1/8/1/5/4/ffd8d909-84d9-4907-bb37-fdcc19febe3c.jpeg"
"https://www.hepsiemlak.com/afyonkarahisar-merkez-dumlupinar-satilik/daire/154976-80","24","2.250.000","09-09-2025","3 +
                          1","130 m²","31
                        Yaşında","3. Kat","Afyon Merkez Dumlupınar Mahallesi Satılık 3+1 Daire","Afyonkarahisar / Merkez / Dumlupınar Mah.","Whatsapp","https://hecdn01.hemlak.com/mncropresize/182/137/ds01/8/4/2/1/6/1/5/4/0785b68e-e1b1-49b1-b266-6675fee816d2.jpeg"
"https://www.hepsiemlak.com/afyonkarahisar-merkez-erenler-satilik/daire/155955-21","17","1.350.000","27-08-2025","1 +
                          1","48 m²","8
                        Yaşında","1. Kat","Afyon Rota Gayrimenkul Erenler Mahallesi'nde 1+1 Eşyalı Satılık Fırsat Daire","Afyonkarahisar / Merkez / Erenler Mah.","Whatsapp",""
"https://www.hepsiemlak.com/afyonkarahisar-merkez-hoca-ahmet-yesevi-satilik/daire/116282-1283","21","3.200.000","16-08-2025","3 +
                          1","140 m²","4
                        Yaşında","2. Kat","Sılam Emlak'tan Sahipata Mah. 3+1 Satılık Daire","Afyonkarahisar / Merkez / Hoca Ahmet Yesevi Mah.","Whatsapp",""
"https://www.hepsiemlak.com/afyonkarahisar-sandikli-ece-satilik/daire/0-45001097","17","3.550.000","05-08-2025","3 +
                          1","120 m²","13
                        Yaşında","3. Kat","Sahibinden 3+1 Kapalı Spor Salonu Yanı","Afyonkarahisar / Sandıklı / Ece Mah.","Whatsapp",""
"https://www.hepsiemlak.com/afyonkarahisar-merkez-ali-ihsan-pasa-satilik/daire/0-44919332","32","4.480.000","10-07-2025","3 +
                          1","135 m²","5
                        Yaşında","3. Kat","Acil Satılık!!! Ali İhsan Paşa Fakülte Karşısında Asansörlü Kilerli Ebveyn Banyolu Yeni 3+1 Daire","Afyonkarahisar / Merkez / Ali İhsan Paşa Mah.","Whatsapp","https://hecdn01.hemlak.com/mncropresize/182/137/ds01/2/3/3/9/1/9/4/4/9kQ-AU503tbmvbib8NcT_.jpg"
"https://www.hepsiemlak.com/afyonkarahisar-merkez-erenler-satilik/daire/0-44844929","15","2.250.000","02-09-2025","2 +
                          1","60 m²","5
                        Yaşında","1. Kat","Sahibinden Eşyalı 2+0 Daire","Afyonkarahisar / Merkez / Erenler Mah.","Whatsapp","https://hecdn01.hemlak.com/mncropresize/182/137/ds01/9/2/9/4/4/8/4/4/1750878884143-44844929.jpg"
"https://www.hepsiemlak.com/afyonkarahisar-merkez-kanlica-satilik/daire/0-45046714","1","3.250.000","06-08-2025","2 +
                          1","100 m²","8
                        Yaşında","1. Kat","Sahibinden","Afyonkarahisar / Merkez / Kanlıca Mah.","Whatsapp","https://hecdn01.hemlak.com/mncropresize/182/137/ds01/4/1/7/6/4/0/5/4/1754462449765-45046714.jpg"
"https://www.hepsiemlak.com/afyonkarahisar-merkez-erenler-satilik/daire/154590-46","8","1.750.000","04-09-2025","1 +
                          1","65 m²","1
                        Yaşında","3. Kat","Afyon Erenlerde Satılık 2+0 Daire","Afyonkarahisar / Merkez / Erenler Mah.","Whatsapp","https://hecdn01.hemlak.com/mncropresize/182/137/ds01/1/6/7/6/7/7/4/4/b84e0cdc-27d6-468c-a9c6-222c8acf1640.jpg"
"https://www.hepsiemlak.com/afyonkarahisar-merkez-dumlupinar-satilik/daire/145595-244","29","2.500.000","06-09-2025","3 +
                          1","125 m²","29
                        Yaşında","2. Kat","Dumlupınar Mah Satılık 3+1 Salon Salomanjlı Daire","Afyonkarahisar / Merkez / Dumlupınar Mah.","Whatsapp","https://hecdn01.hemlak.com/mncropresize/182/137/ds01/1/0/9/5/0/2/5/4/79a3066b-b28e-4436-8d22-a91eb9046b92.jpg"
"https://www.hepsiemlak.com/afyonkarahisar-merkez-ornekevler-satilik/daire/154976-79","21","2.400.000","09-09-2025","2 +
                          1","110 m²","21
                        Yaşında","3. Kat","Afyon Merkez Örnek Evler Mahallesinde Satılık Daire","Afyonkarahisar / Merkez / Örnekevler Mah.","Whatsapp","https://hecdn01.hemlak.com/mncropresize/182/137/ds01/9/3/2/1/6/1/5/4/d6e6fd3d-b56b-4e54-b64b-8922879135dc.jpeg"
"https://www.hepsiemlak.com/afyonkarahisar-merkez-selcuklu-satilik/daire/146381-100","35","6.850.000","11-09-2025","4 +
                          1","159 m²","Sıfır Bina","5. Kat","Şehrin En Güzel Noktasında Uydukent'te 4+1 Ve 5+1 Satılık Daire!","Afyonkarahisar / Merkez / Selçuklu Mah.","Whatsapp","https://hecdn01.hemlak.com/mncropresize/182/137/ds01/4/5/8/2/9/0/5/4/bed71e3ba418e7acc8345beeb56a6bfa0cf5da3721956e831b70c3f58e082685468537b7369d74535a36465358c40ef0.jpg"
"https://www.hepsiemlak.com/afyonkarahisar-merkez-dortyol-satilik/daire/145595-240","33","4.500.000","07-09-2025","3 +
                          1","145 m²","15
                        Yaşında","4. Kat","Garaj Toki Lerde 3+1 Lüks Daire","Afyonkarahisar / Merkez / Dörtyol Mah.","Whatsapp","https://hecdn01.hemlak.com/mncropresize/182/137/ds01/0/7/7/5/0/2/5/4/1757137168618-45205770.jpg"
"https://www.hepsiemlak.com/afyonkarahisar-merkez-maresal-fevzi-cakmak-satilik/daire/156595-55","20","3.350.000","01-09-2025","3 +
                          1","115 m²","Sıfır Bina","1. Kat","Mareşalde Bayraktepe Camiine Yakin Satılık 3+1 Sıfır","Afyonkarahisar / Merkez / Mareşal Fevzi Çakmak Mah.","Whatsapp","https://hecdn01.hemlak.com/mncropresize/182/137/ds01/4/6/3/6/7/1/5/4/c4e66f6c-f88d-4f06-9385-658025a346c7.jpeg"
"https://www.hepsiemlak.com/afyonkarahisar-merkez-sadikbey-satilik/daire/62013-717","35","2.950.000","06-09-2025","2 +
                          1","95 m²","4
                        Yaşında","3. Kat","Salim Group Emlaktan Şehrin Gürültüsünden Uzak Fırsat Daire","Afyonkarahisar / Merkez / Sadıkbey Mah.","Whatsapp","https://hecdn01.hemlak.com/mncropresize/182/137/ds01/4/3/0/9/2/1/5/4/d9cc18fe-a8c6-4578-a45d-34d3e83032cb.jpeg"
"https://www.hepsiemlak.com/afyonkarahisar-merkez-maresal-fevzi-cakmak-satilik/daire/146381-91","19","3.550.000","11-09-2025","3 +
                          1","110 m²","Sıfır Bina","2. Kat","İdeal'den Mareşalde Satılık Lüks 3+1 Sıfır Daireler","Afyonkarahisar / Merkez / Mareşal Fevzi Çakmak Mah.","Whatsapp","https://hecdn01.hemlak.com/mncropresize/182/137/ds01/5/4/8/2/9/0/5/4/bfa7bacaff070e3520fae05e490317a78cdb6de23f2bd41a1d26b4947ae4f1df2ef848e5b4a3b6c91fb10863a35b5a82.jpg"
"https://www.hepsiemlak.com/afyonkarahisar-merkez-dortyol-satilik/daire/153733-32","51","6.000.000","02-08-2025","4 +
                          1","175 m²","Sıfır Bina","4. Kat","Muhteşem Yaşam Alanları İle Ultralüks Satılık 4+1 Daire!","Afyonkarahisar / Merkez / Dörtyol Mah.","Whatsapp","https://hecdn01.hemlak.com/mncropresize/182/137/ds01/3/8/0/0/0/1/4/4/101df62e-6142-46f6-9397-cd68956cef2d.jpeg"
"https://www.hepsiemlak.com/afyonkarahisar-merkez-kanlica-satilik/daire/153501-13","20","2.580.000","02-09-2025","3 +
                          1","120 m²","11
                        Yaşında","4. Kat","Yasemın Emlak Tan Kanlıca Mh Adlıye Ustu 3+1 115 M2 Net","Afyonkarahisar / Merkez / Kanlıca Mah.","Whatsapp","https://hecdn01.hemlak.com/mncropresize/182/137/ds01/9/0/1/0/6/0/4/4/58a7da6c-36cf-49d7-9e7c-0a2ce7c86acc.jpeg"
"https://www.hepsiemlak.com/afyonkarahisar-merkez-erenler-satilik/daire/155955-25","10","1.350.000","08-09-2025","1 +
                          1","48 m²","5
                        Yaşında","3. Kat","Afyon Merkez Erenler Mahallesi'nde 1+1 Satılık Eşyalı Daire","Afyonkarahisar / Merkez / Erenler Mah.","Whatsapp","https://hecdn01.hemlak.com/mncropresize/182/137/ds01/8/6/9/4/1/2/5/4/51e4c44f-0d70-41b9-a6ec-4133a6b5f125.jpeg"
"https://www.hepsiemlak.com/afyonkarahisar-merkez-esrefpasa-satilik/daire/156595-54","27","1.800.000","01-09-2025","2 +
                          1","85 m²","11
                        Yaşında","Bahçe Katı","Eşrefpaşa'da Mesken Tapulu Sorunsuz Bahçe Katı Satılık 2+1","Afyonkarahisar / Merkez / Eşrefpaşa Mah.","Whatsapp","https://hecdn01.hemlak.com/mncropresize/182/137/ds01/1/6/3/6/7/1/5/4/275e1929-14a5-4055-88f1-53bf91de79a6.jpeg"
"https://www.hepsiemlak.com/afyonkarahisar-merkez-dumlupinar-satilik/daire/145595-232","18","2.850.000","25-08-2025","3 +
                          1","105 m²","33
                        Yaşında","2. Kat","Dumlupınar Mah Satılık Afjetli Daire","Afyonkarahisar / Merkez / Dumlupınar Mah.","Whatsapp","https://hecdn01.hemlak.com/mncropresize/182/137/ds01/2/8/9/9/3/1/5/4/2c838c96-ce8f-482b-8d4d-26d3032eef01.jpg"
"https://www.hepsiemlak.com/afyonkarahisar-merkez-zafer-satilik/daire/62013-716","34","3.900.000","06-09-2025","3 +
                          1","155 m²","5
                        Yaşında","2. Kat","Salim Group Emlaktan Zafer Mah Mükemmel Konumda Fırsat Daire","Afyonkarahisar / Merkez / Zafer Mah.","Whatsapp","https://hecdn01.hemlak.com/mncropresize/182/137/ds01/7/1/0/9/2/1/5/4/9bc5aeb0-7ba9-4d27-960d-297264030d87.jpeg"
"https://www.hepsiemlak.com/afyonkarahisar-merkez-selcuklu-satilik/daire/146381-81","22","3.800.000","11-09-2025","2 +
                          1","100 m²","Sıfır Bina","2. Kat","İdeal'den Uydukent'in Merkezinde, Geniş Ve Ferah, Lüx 2+1","Afyonkarahisar / Merkez / Selçuklu Mah.","Whatsapp","https://hecdn01.hemlak.com/mncropresize/182/137/ds01/7/2/8/2/9/0/5/4/091493a22fc242cd70da2f3fd816a6afd6ecc8de084b678711bd5e0f5627da048262222b045ea6723bba45277056d28e.jpg"
"https://www.hepsiemlak.com/afyonkarahisar-merkez-kasimpasa-satilik/daire/156595-52","22","3.350.000","01-09-2025","3 +
                          1","125 m²","16
                        Yaşında","3. Kat","Maliye Kavşağı Temiz Bakımlı Arakat Satılık 3+1","Afyonkarahisar / Merkez / Kasımpaşa Mah.","Whatsapp","https://hecdn01.hemlak.com/mncropresize/182/137/ds01/2/5/3/6/7/1/5/4/c1574585-f10f-4182-b72e-79ced1ddab0b.jpeg"
"https://www.hepsiemlak.com/afyonkarahisar-merkez-cumhuriyet-satilik/daire/145595-231","23","2.450.000","03-09-2025","3 +
                          1","115 m²","40
                        Yaşında","1. Kat","Afyon Tezcanemlaktan Cumhuriyet Mh.3+1 110m2 Satılık Daire","Afyonkarahisar / Merkez / Cumhuriyet Mah.","Whatsapp","https://hecdn01.hemlak.com/mncropresize/182/137/ds01/3/0/2/7/1/1/5/4/9f6f3ea4-861d-4d0d-b963-2226e498e056.jpg"
"https://www.hepsiemlak.com/afyonkarahisar-merkez-sahipata-satilik/daire/152443-35","9","3.600.000","04-09-2025","3 +
                          1","125 m²","Sıfır Bina","4. Kat","Kartal Gayrimenkul’den Hoca Ahmet Yesevi’de Araç Takaslı Daire","Afyonkarahisar / Merkez / Sahipata Mah.","Whatsapp","https://hecdn01.hemlak.com/mncropresize/182/137/ds01/5/7/1/6/8/7/4/4/1753035384-592476-44786175.jpeg"
"https://www.hepsiemlak.com/afyonkarahisar-merkez-esentepe-satilik/daire/146381-77","15","2.975.000","11-09-2025","2 +
                          1","95 m²","1
                        Yaşında","3. Kat","İdeal'den Cezaevi Arkası, Köşe Konumlu Satılık Daire!!","Afyonkarahisar / Merkez / Esentepe Mah.","Whatsapp",""
"https://www.hepsiemlak.com/afyonkarahisar-merkez-guvenevler-satilik/daire/62013-721","25","3.350.000","06-09-2025","3 +
                          1","135 m²","11
                        Yaşında","4. Kat","Salim Grup Emlaktan Nezih Güvenevler Mah Bakımlı Çok Temiz Daire","Afyonkarahisar / Merkez / Güvenevler Mah.","Whatsapp",""
"https://www.hepsiemlak.com/afyonkarahisar-merkez-esentepe-satilik/daire/156595-51","22","2.200.000","01-09-2025","2 +
                          1","100 m²","11
                        Yaşında","3. Kat","Esentepe Merkezi Konumda Satılık 2+1 Daire","Afyonkarahisar / Merkez / Esentepe Mah.","Whatsapp",""
"https://www.hepsiemlak.com/afyonkarahisar-merkez-erenler-satilik/daire/145595-223","25","1.700.000","29-08-2025","2 +
                          1","58 m²","10
                        Yaşında","Kot 1","Erenler  Masrafsız  2+1 Lüks  Tadilatlı Daire","Afyonkarahisar / Merkez / Erenler Mah.","Whatsapp","https://hecdn01.hemlak.com/mncropresize/182/137/ds01/7/4/3/6/6/0/5/4/df422d22-74bc-442f-ad28-ac3d2d481ce4.jpg"
"https://www.hepsiemlak.com/afyonkarahisar-merkez-kasimpasa-satilik/daire/146381-75","16","1.950.000","11-09-2025","1 +
                          1","55 m²","2
                        Yaşında","3. Kat","Afyon Çarşı Merkez'de Lüks Eşyalı Satılık 1+1 Daire!","Afyonkarahisar / Merkez / Kasımpaşa Mah.","Whatsapp","https://hecdn01.hemlak.com/mncropresize/182/137/ds01/0/2/8/2/9/0/5/4/698e88507b593c8833b81c36872ffa67ec2b873dfc939da1dd48eeecc2ce7eb52c0e539bab0c9b885a7fb19882974dfb.jpg"
"https://www.hepsiemlak.com/afyonkarahisar-merkez-selcuklu-satilik/daire/144320-40","18","4.650.000","15-08-2025","4 +
                          1","155 m²","5
                        Yaşında","Giriş Katı","Selçuklu Mah 4+1 Lüx Ev","Afyonkarahisar / Merkez / Selçuklu Mah.","Whatsapp","https://hecdn01.hemlak.com/mncropresize/182/137/ds01/6/9/4/7/3/3/4/4/a2796456-0241-411f-9258-008df2320d88.jpeg"
"https://www.hepsiemlak.com/afyonkarahisar-merkez-dumlupinar-satilik/daire/62013-711","25","1.700.000","06-09-2025","3 +
                          1","135 m²","31
                        Yaşında","Bodrum","Dumlupınar Mah. 3+1 Geniş Bakımlı Satılık Bahçe Katı","Afyonkarahisar / Merkez / Dumlupınar Mah.","Whatsapp","https://hecdn01.hemlak.com/mncropresize/182/137/ds01/1/8/9/8/2/1/5/4/f34a81d4-3fd9-4caf-8a73-61c1702a18bd.jpeg"
"https://www.hepsiemlak.com/afyonkarahisar-merkez-maresal-fevzi-cakmak-satilik/daire/156595-50","19","3.100.000","01-09-2025","2 +
                          1","90 m²","Sıfır Bina","2. Kat","Mareşalde Bayraktepe Camii'ne Yakın 2+1 Sıfır Daireler","Afyonkarahisar / Merkez / Mareşal Fevzi Çakmak Mah.","Whatsapp","https://hecdn01.hemlak.com/mncropresize/182/137/ds01/1/3/3/6/7/1/5/4/af79c26f-f8b5-43c0-bad5-84da73a3a48b.jpeg"
"https://www.hepsiemlak.com/afyonkarahisar-merkez-dervis-pasa-satilik/daire/145595-207","21","4.850.000","25-08-2025","2 +
                          1","95 m²","Sıfır Bina","Ara Kat","Dervipaşa Mah Afjetli 2+1 Lüks Daireler","Afyonkarahisar / Merkez / Derviş Paşa Mah.","Whatsapp","https://hecdn01.hemlak.com/mncropresize/182/137/ds01/8/9/7/2/7/9/4/4/4447cf64-2250-4212-9062-3702c0e00976.jpg"
"https://www.hepsiemlak.com/afyonkarahisar-merkez-erkmen-cumhuriyet-satilik/daire/0-44016370","16","3.000.000","25-07-2025","2 +
                          0","65 m²","Sıfır Bina","3. Kat","Emniyet Müdürlüğü Ve Paşa Camii Yanı Sahibinden Satılık Sıfır  2+0","Afyonkarahisar / Merkez / Erkmen (Cumhuriyet) Mah.","Whatsapp","https://hecdn01.hemlak.com/mncropresize/182/137/ds01/0/7/3/6/1/0/4/4/S5v6PrpBwtYiGMCE0J9_m.jpeg"
"https://www.hepsiemlak.com/afyonkarahisar-merkez-sahipata-satilik/daire/146381-69","14","4.600.000","11-09-2025","4 +
                          1","200 m²","4
                        Yaşında","6. Kat","İdeal'den Ankara Yolunda Satılık 4+1 Teraslı Dubleks Daire","Afyonkarahisar / Merkez / Sahipata Mah.","Whatsapp","https://hecdn01.hemlak.com/mncropresize/182/137/ds01/3/1/8/2/9/0/5/4/ff7a9949003d0811300ebf2fdfac102f687eae6b776b5e26e9d66c0e6883599e084e13c89e289d0ccfbb6e6e1a471ce9.jpg"
"https://www.hepsiemlak.com/afyonkarahisar-merkez-erenler-satilik/daire/155955-35","15","1.475.000","08-09-2025","2 +
                          0","56 m²","Sıfır Bina","2. Kat","Rota Gayrimenkul Güvencesiyle Satılık 2+0 Daire","Afyonkarahisar / Merkez / Erenler Mah.","Whatsapp","https://hecdn01.hemlak.com/mncropresize/182/137/ds01/6/2/0/5/1/2/5/4/9f65a1b8-93b6-46ca-a8df-55fe59e6317c.jpeg"
"https://www.hepsiemlak.com/afyonkarahisar-merkez-marulcu-satilik/daire/145595-204","19","1.775.000","21-08-2025","2 +
                          1","95 m²","27
                        Yaşında","Ara Kat","Afyon Tezcan Emlaktan Marulcu Mahallesinde 2+1 Daire","Afyonkarahisar / Merkez / Marulcu Mah.","Whatsapp","https://hecdn01.hemlak.com/mncropresize/182/137/ds01/9/5/4/8/5/9/4/4/135b567e-6e16-445f-8480-19c4f8093747.jpg"
"https://www.hepsiemlak.com/afyonkarahisar-ihsaniye-yaylabagi-bahcelievler-satilik/daire/154590-26","11","2.000.000","04-09-2025","1 +
                          1","90 m²","15
                        Yaşında","1. Kat","Afyon Yaylabağı Satılık Daire","Afyonkarahisar / İhsaniye / Yaylabağı (Bahçelievler) Mah.","Whatsapp","https://hecdn01.hemlak.com/mncropresize/182/137/ds01/1/7/5/9/4/5/4/4/5d0137b4-bd71-404e-82a1-c5ef264ce7f9.jpg"
"https://www.hepsiemlak.com/afyonkarahisar-merkez-olucak-satilik/daire/0-44678714","13","1.750.000","30-08-2025","2 +
                          1","105 m²","15
                        Yaşında","Kot 3","Afyon Merkez Olucak Mahallesi 2+1 Solamaj Geniş Daire","Afyonkarahisar / Merkez / Olucak Mah.","Whatsapp","https://hecdn01.hemlak.com/mncropresize/182/137/ds01/4/1/7/8/7/6/4/4/1747998628111-44678714.jpg"
"https://www.hepsiemlak.com/afyonkarahisar-merkez-dumlupinar-satilik/daire/62013-709","20","3.000.000","06-09-2025","3 +
                          1","120 m²","26
                        Yaşında","4. Kat","Dumlupınar Mahallesi Çarşı Merkez De 3+1 Afjetli Satılık Daire","Afyonkarahisar / Merkez / Dumlupınar Mah.","Whatsapp","https://hecdn01.hemlak.com/mncropresize/182/137/ds01/2/6/9/8/2/1/5/4/0f061f96-bbe6-43c1-8867-e47380bb6959.jpeg"
"https://www.hepsiemlak.com/afyonkarahisar-merkez-zafer-satilik/daire/155955-31","18","4.050.000","08-09-2025","2 +
                          1","100 m²","31
                        Yaşında","2. Kat","Afyon Merkez Zafer Mahallesi'nde Satılık 3 Adet 3+1 Daire","Afyonkarahisar / Merkez / Zafer Mah.","Whatsapp","https://hecdn01.hemlak.com/mncropresize/182/137/ds01/6/9/9/4/1/2/5/4/2089eb60-8dab-47e2-990e-baa910fcabb1.jpeg"
"https://www.hepsiemlak.com/afyonkarahisar-merkez-selcuklu-satilik/daire/145595-159","19","2.700.000","24-08-2025","1 +
                          1","55 m²","8
                        Yaşında","4. Kat","Uydukent Yurdagül Sitesi 1+1 Eşyalı Güney Cephe Daire","Afyonkarahisar / Merkez / Selçuklu Mah.","Whatsapp","https://hecdn01.hemlak.com/mncropresize/182/137/ds01/7/7/4/1/3/4/4/4/aa36d904-e011-4bc7-a5c2-a3888ebc5566.jpg"
"https://www.hepsiemlak.com/afyonkarahisar-merkez-osman-gazi-satilik/daire/146381-46","13","2.875.000","11-09-2025","2 +
                          0","65 m²","Sıfır Bina","1. Kat","Düştü!! İdeal'den Yüksek Kira Getirili Yatırımlık Daire!!","Afyonkarahisar / Merkez / Osman Gazi Mah.","Whatsapp","https://hecdn01.hemlak.com/mncropresize/182/137/ds01/1/8/7/2/9/0/5/4/1468ac4054f17da8f585a8e688f925c712cf6717d3c9126aa07a0793190c76f92c17576c0b58bf278903e6c75864a407.jpg"
"https://www.hepsiemlak.com/afyonkarahisar-merkez-dortyol-satilik/daire/149466-36","35","6.000.000","14-09-2025","4 +
                          1","175 m²","Sıfır Bina","10. Kat","Sağlam Emlaktan Muhteşem Manzaralı Satılık 4+1daire","Afyonkarahisar / Merkez / Dörtyol Mah.","Whatsapp","https://hecdn01.hemlak.com/mncropresize/182/137/ds01/0/7/1/7/9/3/4/4/c4b8c23d-b0ff-400d-a9dd-faaf643ec5cd.jpeg"
"https://www.hepsiemlak.com/afyonkarahisar-merkez-erenler-satilik/daire/0-44913725","11","1.460.000","09-07-2025","2 +
                          1","85 m²","6
                        Yaşında","5. Kat","Erenler Mahallesinde Sahibinden  Satılık 2+1 Dubleks Full Eşyalı Bakımlı Daire","Afyonkarahisar / Merkez / Erenler Mah.","Whatsapp","https://hecdn01.hemlak.com/mncropresize/182/137/ds01/5/2/7/3/1/9/4/4/TI5I83utka6mfoPx2lPpP.jpeg"
"https://www.hepsiemlak.com/afyonkarahisar-merkez-erenler-satilik/daire/155955-24","25","8.250.000","08-09-2025","2 +
                          0","57 m²","5
                        Yaşında","2. Kat","Kumartaş-Erenler-Üniversite Karşısı Satılık 5 Adet Dairee","Afyonkarahisar / Merkez / Erenler Mah.","Whatsapp","https://hecdn01.hemlak.com/mncropresize/182/137/ds01/9/5/9/4/1/2/5/4/2630e974-3d2f-4c90-bf16-da979fc27c52.jpeg"
"https://www.hepsiemlak.com/afyonkarahisar-merkez-kanlica-satilik/daire/145595-48","32","3.950.000","31-08-2025","3 +
                          1","130 m²","6
                        Yaşında","3. Kat","Kanlıca Mah Güney Cephe Bakımlı 3+1 Lüks Daire","Afyonkarahisar / Merkez / Kanlıca Mah.","Whatsapp","https://hecdn01.hemlak.com/mncropresize/182/137/ds01/3/0/9/1/4/1/3/4/0a1d5313-681b-49bd-a30a-a7edad96411c.jpg"
"https://www.hepsiemlak.com/afyonkarahisar-merkez-dumlupinar-satilik/daire/62013-708","18","1.497.000","06-09-2025","2 +
                          1","90 m²","26
                        Yaşında","5. Kat","Salim Grp Emlaktan Dumlupınar Mah. Satılık 2+1 Daire","Afyonkarahisar / Merkez / Dumlupınar Mah.","Whatsapp","https://hecdn01.hemlak.com/mncropresize/182/137/ds01/2/5/9/8/2/1/5/4/6eecfd86-c837-48de-8169-84b0fc4f995c.jpeg"
"https://www.hepsiemlak.com/afyonkarahisar-merkez-erenler-satilik/daire/153875-28","11","1.450.000","05-08-2025","1 +
                          1","50 m²","5
                        Yaşında","3. Kat","Üniversite Karşısında Satılık 1+1 Yerden Isıtmalı Daire","Afyonkarahisar / Merkez / Erenler Mah.","Whatsapp",""
"https://www.hepsiemlak.com/afyonkarahisar-sandikli-cay-satilik/daire/159328-11","25","4.150.000","06-09-2025","6 +
                          1","280 m²","21
                        Yaşında","2. Kat","Beyoğlu Caddesi Satılık Daire","Afyonkarahisar / Sandıklı / Çay Mah.","Whatsapp",""
"https://www.hepsiemlak.com/afyonkarahisar-merkez-erenler-satilik/daire/153665-92","20","1.950.000","04-09-2025","2 +
                          1","100 m²","5
                        Yaşında","5. Kat","Erenlerde Kat Dupleks Satılık Daire","Afyonkarahisar / Merkez / Erenler Mah.","Whatsapp",""
"https://www.hepsiemlak.com/afyonkarahisar-merkez-guvenevler-satilik/daire/116282-1290","9","2.400.000","03-09-2025","3 +
                          1","130 m²","25
                        Yaşında","1. Kat","Sılam Emlak'tan Cumhuriyet Mah. Masrafsız 3+1 Satılık Daire","Afyonkarahisar / Merkez / Güvenevler Mah.","Whatsapp","https://hecdn01.hemlak.com/mncropresize/182/137/ds01/3/8/8/9/3/1/5/4/698b83b8-9e98-4634-8560-9d2138f16851.jpg"
"https://www.hepsiemlak.com/afyonkarahisar-merkez-kanlica-satilik/daire/153733-49","21","3.600.000","02-08-2025","3 +
                          1","125 m²","5
                        Yaşında","3. Kat","Kanlıca Mh Günsazak Blv. Üzeri Önü Açık Satılık 3+1 Daire!","Afyonkarahisar / Merkez / Kanlıca Mah.","Whatsapp","https://hecdn01.hemlak.com/mncropresize/182/137/ds01/0/1/3/9/4/6/4/4/a0e54bf4-3b3f-4ba6-8c90-e26690de89e1.jpeg"
"https://www.hepsiemlak.com/afyonkarahisar-merkez-hoca-ahmet-yesevi-satilik/daire/153665-45","16","2.050.000","04-09-2025","2 +
                          1","105 m²","11
                        Yaşında","2. Kat","Ravza Emlak Güvencesiyle Satılık Daire Hoca Ahmet Yesevi Mah","Afyonkarahisar / Merkez / Hoca Ahmet Yesevi Mah.","Whatsapp","https://hecdn01.hemlak.com/mncropresize/182/137/ds01/5/7/0/3/9/5/4/4/a8e72f90-75e7-4700-b726-170452d34d4d.jpeg"
"https://www.hepsiemlak.com/afyonkarahisar-merkez-maresal-fevzi-cakmak-satilik/daire/146381-102","10","2.900.000","11-09-2025","2 +
                          1","110 m²","Sıfır Bina","2. Kat","İdeal'den Mareşal'de Satılık, Sıfır, Lüks Daire !!","Afyonkarahisar / Merkez / Mareşal Fevzi Çakmak Mah.","Whatsapp","https://hecdn01.hemlak.com/mncropresize/182/137/ds01/7/5/8/2/9/0/5/4/23847ae5066fea0466ab8dc39eb6eedf2cb93ac0c7633849d6c4be2bd7304cbca7a5cfdc3fe89b8a281ccfa47ad7e2c1.jpg"
"https://www.hepsiemlak.com/afyonkarahisar-merkez-selcuklu-satilik/daire/155955-34","12","6.350.000","08-09-2025","4 +
                          1","150 m²","3
                        Yaşında","2. Kat","İstek Koleji Yanında 4+1 Ultra Lüks Daire !!!","Afyonkarahisar / Merkez / Selçuklu Mah.","Whatsapp","https://hecdn01.hemlak.com/mncropresize/182/137/ds01/7/1/0/5/1/2/5/4/708d19e7-245e-4e79-9687-2dbb84ed0ef6.jpeg"
"https://www.hepsiemlak.com/afyonkarahisar-merkez-dumlupinar-satilik/daire/62013-712","14","2.250.000","06-09-2025","3 +
                          1","130 m²","31
                        Yaşında","3. Kat","Dumlupınar Mahallesinde 3+1 Uygun Fiyatlı Satılık Daire","Afyonkarahisar / Merkez / Dumlupınar Mah.","Whatsapp","https://hecdn01.hemlak.com/mncropresize/182/137/ds01/4/8/9/8/2/1/5/4/ea09be21-615a-4469-9412-8d043817344c.jpeg"
"https://www.hepsiemlak.com/afyonkarahisar-merkez-fatih-satilik/daire/149466-79","11","5.300.000","15-09-2025","4 +
                          1","137 m²","Sıfır Bina","3. Kat","Sağlam Emlaktan Fatih Te Satılık Lüks 4+1daireler","Afyonkarahisar / Merkez / Fatih Mah.","Whatsapp","https://hecdn01.hemlak.com/mncropresize/182/137/ds01/0/8/6/7/9/8/4/4/1751832889-660324-44897680.jpeg"
"https://www.hepsiemlak.com/afyonkarahisar-merkez-maresal-fevzi-cakmak-satilik/daire/62013-715","13","2.720.000","06-09-2025","2 +
                          1","90 m²","3
                        Yaşında","1. Kat","Salim Group Emlaktan Mareşal'de Fırsat 2+1 Daire","Afyonkarahisar / Merkez / Mareşal Fevzi Çakmak Mah.","Whatsapp","https://hecdn01.hemlak.com/mncropresize/182/137/ds01/2/1/0/9/2/1/5/4/f851bc7c-be78-4100-a81a-e641615577ec.jpeg"
"https://www.hepsiemlak.com/afyonkarahisar-merkez-erenler-satilik/daire/87840-3334","17","1.500.000","11-08-2025","2 +
                          1","90 m²","7
                        Yaşında","En Üst Kat","Öztürk Emlak'tan Erenlerde Masrafsız Eşyalı Dubleks 2+1","Afyonkarahisar / Merkez / Erenler Mah.","Whatsapp","https://hecdn01.hemlak.com/mncropresize/182/137/ds01/6/0/7/9/6/0/5/4/1754913116032-45069706.jpg"
"https://www.hepsiemlak.com/afyonkarahisar-merkez-gazi-satilik/daire/146381-103","6","4.250.000","11-09-2025","3 +
                          1","120 m²","Sıfır Bina","1. Kat","Gazi Mah Farklı Kat Seçenekli Temelden Satılık Daireler!","Afyonkarahisar / Merkez / Gazi Mah.","Whatsapp","https://hecdn01.hemlak.com/mncropresize/182/137/ds01/8/5/8/2/9/0/5/4/a45b550bd81dd9b4693af89bb9a83e4b5c8d4c34e9e0790efbeede3b740a7c666b5c02953c7001f9e8603adcf03c85f5.jpg"
"https://www.hepsiemlak.com/afyonkarahisar-merkez-cumhuriyet-satilik/daire/143765-631","23","4.250.000","04-07-2025","5 +
                          1","220 m²","18
                        Yaşında","3. Kat","Nokta Emlak'tan Cumhuriyet Mh. 5+1 Satılık Dublexs Daire","Afyonkarahisar / Merkez / Cumhuriyet Mah.","Whatsapp","https://hecdn01.hemlak.com/mncropresize/182/137/ds01/4/5/8/7/8/8/4/4/1751629113779-44887854.jpg"
"https://www.hepsiemlak.com/afyonkarahisar-merkez-erenler-satilik/daire/153665-46","11","1.150.000","15-08-2025","1 +
                          1","55 m²","5
                        Yaşında","2. Kat","Ravza Emlak Tan Erenler Merkezde Satılık 1+1 Daire","Afyonkarahisar / Merkez / Erenler Mah.","Whatsapp","https://hecdn01.hemlak.com/mncropresize/182/137/ds01/7/7/0/3/9/5/4/4/10ebec03-e242-4e68-b05e-8665e6800718.jpeg"
"https://www.hepsiemlak.com/afyonkarahisar-merkez-ornekevler-satilik/daire/150709-16","29","2.200.000","07-09-2025","3 +
                          1","115 m²","11
                        Yaşında","Zemin","Örnekevler Mah.3+1/110 M2 Masrafsız Daire Uygun Fiyat","Afyonkarahisar / Merkez / Örnekevler Mah.","Whatsapp","https://hecdn01.hemlak.com/mncropresize/182/137/ds01/5/7/9/7/1/9/4/4/47afeb89-f5c7-4a07-9fd3-1c689de4b2e7.jpeg"
"https://www.hepsiemlak.com/afyonkarahisar-merkez-ali-ihsan-pasa-satilik/daire/113196-289","25","2.350.000","21-07-2025","3 +
                          1","125 m²","20
                        Yaşında","Zemin","Koçoğlundan Aliihsan Paşa Mah 3+1 Zemin Kat Satılık Daire","Afyonkarahisar / Merkez / Ali İhsan Paşa Mah.","Whatsapp","https://hecdn01.hemlak.com/mncropresize/182/137/ds01/0/2/1/9/6/9/4/4/191d7b16-857f-4096-b141-2ef93b293d3f.jpg"
"https://www.hepsiemlak.com/afyonkarahisar-merkez-gazi-satilik/daire/146381-39","6","4.250.000","11-09-2025","3 +
                          1","120 m²","Sıfır Bina","2. Kat","İdeal'den Gazi Mahallesi'nde 3+1 Satılık Daire","Afyonkarahisar / Merkez / Gazi Mah.","Whatsapp","https://hecdn01.hemlak.com/mncropresize/182/137/ds01/4/3/5/1/9/9/4/4/b562bf66dc7708493bfdaa75c9f0c05e0340d8aa0bf1056326825b3bae4ed21f8036cf464e4319614907816dc6b6e78a.jpg"
"https://www.hepsiemlak.com/afyonkarahisar-merkez-zafer-satilik/daire/143765-614","18","1.900.000","29-07-2025","3 +
                          1","115 m²","30
                        Yaşında","5. Kat","Nokta Emlak'tan Zafer Mh 3+1 Satılık Daire","Afyonkarahisar / Merkez / Zafer Mah.","Whatsapp","https://hecdn01.hemlak.com/mncropresize/182/137/ds01/8/7/6/7/1/5/4/4/1745398822626-44517678.jpg"
"https://www.hepsiemlak.com/afyonkarahisar-merkez-marulcu-satilik/daire/145595-219","36","4.400.000","09-08-2025","3 +
                          1","135 m²","25
                        Yaşında","Ara Kat","Tezcan Emlaktan Marulcu Mah 3+1 Çok Geniş Ara Kat Daire","Afyonkarahisar / Merkez / Marulcu Mah.","Whatsapp","https://hecdn01.hemlak.com/mncropresize/182/137/ds01/4/2/6/8/2/0/5/4/5ac3ca12-5bba-4461-8dc4-7a48788d8b6c.jpg"
"https://www.hepsiemlak.com/afyonkarahisar-dinar-fatih-satilik/daire/0-44172336","11","2.400.000","05-08-2025","2 +
                          1","76 m²","3
                        Yaşında","4. Kat","3.Etap Toki Daire","Afyonkarahisar / Dinar / Fatih Mah.","Whatsapp","https://hecdn01.hemlak.com/mncropresize/182/137/ds01/6/3/3/2/7/1/4/4/WZJuojs7baDON34E1V2ua.jpeg"
"https://www.hepsiemlak.com/afyonkarahisar-merkez-zafer-satilik/daire/145595-58","24","2.650.000","09-08-2025","3 +
                          1","125 m²","Sıfır Bina","Bodrum ve Zemin","Devrane Yanı Bahçe Katı Mesken Tapulu 3+1 Daire","Afyonkarahisar / Merkez / Zafer Mah.","Whatsapp","https://hecdn01.hemlak.com/mncropresize/182/137/ds01/3/3/3/1/5/1/3/4/ee49fdba-28c0-48f9-91e0-a7abd6dff626.jpeg"
"https://www.hepsiemlak.com/afyonkarahisar-merkez-marulcu-satilik/daire/153501-20","23","1.650.000","02-09-2025","2 +
                          1","115 m²","16
                        Yaşında","2. Kat","Marulcu Mh Kurtuluş Cd 2+1 Kupon Daıre Acıl Satılıktır","Afyonkarahisar / Merkez / Marulcu Mah.","Whatsapp","https://hecdn01.hemlak.com/mncropresize/182/137/ds01/6/6/8/4/0/4/4/4/ef63079d-ee54-4bf4-8438-6a34739eacf8.jpeg"
"https://www.hepsiemlak.com/afyonkarahisar-merkez-erkmen-fevzi-cakmak-satilik/daire/146381-88","17","3.500.000","15-09-2025","2 +
                          1","100 m²","Sıfır Bina","1. Kat","Doğa Manzaralı, Lüks, Geniş Ve Ferah Satılık 2+1 Sıfır Daire!!!","Afyonkarahisar / Merkez / Erkmen (Fevzi Çakmak) Mah.","Whatsapp","https://hecdn01.hemlak.com/mncropresize/182/137/ds01/1/4/8/2/9/0/5/4/fc1454ab8ee9d138aea3c9b3595b77e3037ca497018e9a6d5330c45f7f8655d2b194b0e1a4c3ae3b96c771465f350e05.jpg"
"https://www.hepsiemlak.com/afyonkarahisar-merkez-erenler-satilik/daire/0-43701419","8","1.480.000","19-08-2025","2 +
                          0","60 m²","7
                        Yaşında","4. Kat","Erenler Merkez Çekirdek Kafe Karşısı Satılık Apart","Afyonkarahisar / Merkez / Erenler Mah.","Whatsapp",""
"https://www.hepsiemlak.com/afyonkarahisar-merkez-erenler-satilik/daire/155955-30","7","1.450.000","08-09-2025","2 +
                          0","55 m²","Sıfır Bina","3. Kat","Afyon Merkez Erenler Mahallesi'nde Satılık 2+0 Eşyalı Daire","Afyonkarahisar / Merkez / Erenler Mah.","Whatsapp",""
"https://www.hepsiemlak.com/afyonkarahisar-dinar-camikebir-satilik/daire/3884-1373","21","2.000.000","18-08-2025","2 +
                          1","108 m²","26
                        Yaşında","3. Kat","Afyon Dinar Da Satılık Çarşıya Adım Mesafede 2+1 Daire","Afyonkarahisar / Dinar / Camikebir Mah.","Whatsapp",""
"https://www.hepsiemlak.com/afyonkarahisar-merkez-erenler-satilik/daire/153875-14","10","1.175.000","05-08-2025","2 +
                          0","48 m²","5
                        Yaşında","3. Kat","Veterinerlik Hukuk Fakültesi Karşısında Satılık 2+0 Daire","Afyonkarahisar / Merkez / Erenler Mah.","Whatsapp","https://hecdn01.hemlak.com/mncropresize/182/137/ds01/7/8/2/8/6/3/4/4/20809df3-e681-4d5e-8051-12aeae4a4278.jpeg"
"https://www.hepsiemlak.com/afyonkarahisar-merkez-cumhuriyet-satilik/daire/153733-56","28","1.750.000","02-08-2025","1 +
                          1","56 m²","16
                        Yaşında","5. Kat","Cumhuriyet Mh'de Muhteşem Konumlu Eşyalı Fırsat 1+1 Suit Daire!","Afyonkarahisar / Merkez / Cumhuriyet Mah.","Whatsapp","https://hecdn01.hemlak.com/mncropresize/182/137/ds01/2/3/4/6/1/9/4/4/05c820af-72d1-4b66-a46f-3a285b219c7c.jpeg"
"https://www.hepsiemlak.com/afyonkarahisar-merkez-hamidiye-satilik/daire/146381-66","22","2.850.000","15-09-2025","3 +
                          1","130 m²","26
                        Yaşında","4. Kat","Afyon Hamidiye Mah. Ana Cadde Üzerinde Satılık Geniş 3+1 Daire","Afyonkarahisar / Merkez / Hamidiye Mah.","Whatsapp","https://hecdn01.hemlak.com/mncropresize/182/137/ds01/9/0/8/2/9/0/5/4/6b789399593d3eca97d84209317abb295c0cfdc0d78a8a63bfb2aa64747812dea7a5cfdc3fe89b8a281ccfa47ad7e2c1.jpg"
"https://www.hepsiemlak.com/afyonkarahisar-merkez-erkmen-cumhuriyet-satilik/daire/156595-48","20","2.650.000","01-09-2025","1 +
                          1","50 m²","Sıfır Bina","1. Kat","Afsü Park Hastanesi Yolunda Fırsat Satılık Eşyalı Daire","Afyonkarahisar / Merkez / Erkmen (Cumhuriyet) Mah.","Whatsapp","https://hecdn01.hemlak.com/mncropresize/182/137/ds01/7/5/7/5/8/9/4/4/52674516-b734-4212-9730-f6965b661067.jpeg"
"https://www.hepsiemlak.com/afyonkarahisar-merkez-erenler-satilik/daire/153875-11","10","1.450.000","30-06-2025","2 +
                          1","52 m²","5
                        Yaşında","2. Kat","Merkezi Konumda Ara Kat Ön Cephe Satılık 2+1 Daire","Afyonkarahisar / Merkez / Erenler Mah.","Whatsapp","https://hecdn01.hemlak.com/mncropresize/182/137/ds01/5/2/8/6/4/3/4/4/c8e8803f-268e-4938-9f61-b20caccd11b7.jpeg"
"https://www.hepsiemlak.com/afyonkarahisar-merkez-karsiyaka-satilik/daire/153665-59","55","3.800.000","12-09-2025","3 +
                          1","125 m²","Sıfır Bina","1. Kat","Karşıyaka Mahallesin De Satılık 3+1 2+1 Ve 1+1 Daireler","Afyonkarahisar / Merkez / Karşıyaka Mah.","Whatsapp","https://hecdn01.hemlak.com/mncropresize/182/137/ds01/7/9/0/1/7/7/4/4/08c27339-a1ce-488c-85e7-b789a552d302.jpeg"
"https://www.hepsiemlak.com/afyonkarahisar-merkez-cumhuriyet-satilik/daire/116282-1277","19","2.200.000","18-08-2025","2 +
                          1","115 m²","25
                        Yaşında","4. Kat","Sılam Emlak'tan Cumhuriyet Mah. 2+1 Satılık Daire","Afyonkarahisar / Merkez / Cumhuriyet Mah.","Whatsapp","https://hecdn01.hemlak.com/mncropresize/182/137/ds01/1/5/9/4/8/0/5/4/4fe2db3f-60f4-4014-b06c-b2969c524c15.jpg"
"https://www.hepsiemlak.com/afyonkarahisar-merkez-karsiyaka-satilik/daire/146381-52","27","3.450.000","11-09-2025","3 +
                          1","120 m²","Sıfır Bina","1. Kat","İdeal'den 1.99 Oranla Elden Taksit İmkanı İle Satılık Daire!!!","Afyonkarahisar / Merkez / Karşıyaka Mah.","Whatsapp","https://hecdn01.hemlak.com/mncropresize/182/137/ds01/8/8/7/2/9/0/5/4/df29efb156cd0a6e384d404953ecc3f6673fb731efb3e3117b90da02978e6efe09b373b3567117dfc2b3df684e5854d7.jpg"
"https://www.hepsiemlak.com/afyonkarahisar-merkez-kocatepe-satilik/daire/154976-76","22","2.400.000","01-08-2025","2 +
                          1","110 m²","23
                        Yaşında","3. Kat","Afyonkarahisar Merkezde Satılık Daire","Afyonkarahisar / Merkez / Kocatepe Mah.","Whatsapp","https://hecdn01.hemlak.com/mncropresize/182/137/ds01/5/4/7/6/2/0/5/4/ba843ab9-3d5f-41cc-96db-00f903198d82.jpg"
"https://www.hepsiemlak.com/afyonkarahisar-merkez-maresal-fevzi-cakmak-satilik/daire/156595-47","16","2.650.000","24-07-2025","2 +
                          1","90 m²","Sıfır Bina","3. Kat","Mareşalde Satılık Sıfır 2+1","Afyonkarahisar / Merkez / Mareşal Fevzi Çakmak Mah.","Whatsapp","https://hecdn01.hemlak.com/mncropresize/182/137/ds01/5/4/7/5/8/9/4/4/1ea46c66-92f6-48c3-a3e0-8239161c63ad.jpeg"
"https://www.hepsiemlak.com/afyonkarahisar-merkez-osman-gazi-satilik/daire/153733-39","17","2.850.000","02-08-2025","2 +
                          1","75 m²","Sıfır Bina","2. Kat","Yatırımlık Yüksek Kira Getirili 2+1 Eşyalı Suit Ofis & Daire!","Afyonkarahisar / Merkez / Osman Gazi Mah.","Whatsapp","https://hecdn01.hemlak.com/mncropresize/182/137/ds01/4/8/3/4/6/3/4/4/d8504621-6de2-4eba-98ad-4ea9518e586d.jpeg"
"https://www.hepsiemlak.com/afyonkarahisar-merkez-maresal-fevzi-cakmak-satilik/daire/153665-10","35","3.300.000","19-07-2025","3 +
                          1","120 m²","Sıfır Bina","3. Kat","Ravza Emlaktan Mareşal Fevzi Çakmak Mahde Satılık Sıfır Daireler","Afyonkarahisar / Merkez / Mareşal Fevzi Çakmak Mah.","Whatsapp","https://hecdn01.hemlak.com/mncropresize/182/137/ds01/3/8/5/3/9/9/3/4/50a96ddc-8d8b-4f64-b975-2e2166c452ea.jpeg"
"https://www.hepsiemlak.com/afyonkarahisar-merkez-selcuklu-satilik/daire/156595-46","17","4.100.000","01-09-2025","2 +
                          1","102 m²","Sıfır Bina","1. Kat","Uydukent Niko Devlet Hastanesi Yakını Satılık Geniş Satık 2+1","Afyonkarahisar / Merkez / Selçuklu Mah.","Whatsapp","https://hecdn01.hemlak.com/mncropresize/182/137/ds01/0/4/7/5/8/9/4/4/523a2eb2-86cf-4c55-98ea-f8e06a94bb30.jpeg"
"https://www.hepsiemlak.com/afyonkarahisar-merkez-zafer-satilik/daire/62013-700","35","3.850.000","06-09-2025","3 +
                          1","135 m²","Sıfır Bina","2. Kat","Zafer Mh.'de Satılık 3+1, Arakat, Doğalgazlı, Sıfır, Geniş Daire","Afyonkarahisar / Merkez / Zafer Mah.","Whatsapp","https://hecdn01.hemlak.com/mncropresize/182/137/ds01/3/5/0/3/4/8/4/4/3ac86088-4bf7-4517-ab4b-760cafc6f8c8.jpeg"
"https://www.hepsiemlak.com/afyonkarahisar-merkez-erkmen-cumhuriyet-satilik/daire/153733-38","44","5.750.000","02-08-2025","4 +
                          1","160 m²","4
                        Yaşında","4. Kat","Muhteşem Konumlu Güney Cephe Önü Açık 4+1 Satılık Daire","Afyonkarahisar / Merkez / Erkmen (Cumhuriyet) Mah.","Whatsapp","https://hecdn01.hemlak.com/mncropresize/182/137/ds01/5/7/3/4/6/3/4/4/57342293-8cf5-4409-886e-ca873d7d9bf1.jpeg"
"https://www.hepsiemlak.com/afyonkarahisar-merkez-erenler-satilik/daire/153875-31","8","1.260.000","05-08-2025","2 +
                          0","52 m²","5
                        Yaşında","4. Kat","Erenlerin En Kupon Dairesi ""krediye Uygun""","Afyonkarahisar / Merkez / Erenler Mah.","Whatsapp","https://hecdn01.hemlak.com/mncropresize/182/137/ds01/6/5/0/3/2/0/5/4/0b9b4664-cb2a-4bb5-adc6-e20590cf2633.jpeg"
"https://www.hepsiemlak.com/afyonkarahisar-merkez-esentepe-satilik/daire/146381-44","20","2.350.000","15-09-2025","2 +
                          1","120 m²","21
                        Yaşında","3. Kat","İdeal'den Esentepe Mahallesinde Kaçırılmayacak 2+1 Daire!","Afyonkarahisar / Merkez / Esentepe Mah.","Whatsapp","https://hecdn01.hemlak.com/mncropresize/182/137/ds01/9/7/7/2/9/0/5/4/7a90ed4268056f8e510bdeac5b3ecbc21390624a444ce9773b909441b8d3dba9812c6bcbbb3aea4e4fefe5ae5313ab7a.jpg"
"https://www.hepsiemlak.com/afyonkarahisar-merkez-selcuklu-satilik/daire/156595-45","22","5.200.000","01-09-2025","3 +
                          1","140 m²","Sıfır Bina","4. Kat","Uydukent İstek Koleji Yanı Sıfır Satılık 3+1","Afyonkarahisar / Merkez / Selçuklu Mah.","Whatsapp","https://hecdn01.hemlak.com/mncropresize/182/137/ds01/6/3/7/5/8/9/4/4/2b7ac4a6-0509-4dff-b51d-01569cbcc07d.jpeg"
"https://www.hepsiemlak.com/afyonkarahisar-merkez-hoca-ahmet-yesevi-satilik/daire/153733-29","38","3.700.000","02-08-2025","3 +
                          1","130 m²","Sıfır Bina","2. Kat","H.Ahmet Yesevi De Kap. Otoparklı Satılık 3+1 Ultralüks Daire!","Afyonkarahisar / Merkez / Hoca Ahmet Yesevi Mah.","Whatsapp","https://hecdn01.hemlak.com/mncropresize/182/137/ds01/3/7/0/0/0/1/4/4/82e167eb-d5e1-44ff-b9e2-4ad2b405b6af.jpeg"
"https://www.hepsiemlak.com/afyonkarahisar-merkez-erenler-satilik/daire/153875-29","8","1.399.999","05-08-2025","2 +
                          0","55 m²","5
                        Yaşında","1. Kat","2+0 Fırsat Geniş Balkonlu Daire","Afyonkarahisar / Merkez / Erenler Mah.","Whatsapp","https://hecdn01.hemlak.com/mncropresize/182/137/ds01/9/4/0/3/2/0/5/4/11e08fb8-0731-4b1a-b5e9-a2129a5b1c6b.jpeg"
"https://www.hepsiemlak.com/afyonkarahisar-merkez-beyazit-satilik/daire/150809-1","23","3.200.000","26-07-2025","3 +
                          1","110 m²","Sıfır Bina","1. Kat","Elden Emlaktan Beyazıtta Satılık 3+1 Daireler","Afyonkarahisar / Merkez / Beyazıt Mah.","Whatsapp","https://hecdn01.hemlak.com/mncropresize/182/137/ds01/2/9/2/1/9/4/3/4/1728121805529-43491292.jpg"
"https://www.hepsiemlak.com/afyonkarahisar-merkez-battalgazi-satilik/daire/0-44908651","13","2.700.000","08-07-2025","3 +
                          1","110 m²","3
                        Yaşında","1. Kat","Sahibinden Satılık 3+1 Daire","Afyonkarahisar / Merkez / Battalgazi Mah.","Whatsapp",""
"https://www.hepsiemlak.com/afyonkarahisar-sandikli-ece-satilik/daire/159328-12","7","4.350.000","06-09-2025","3 +
                          1","135 m²","Sıfır Bina","4. Kat","Satılık 3+1 Daire","Afyonkarahisar / Sandıklı / Ece Mah.","Whatsapp",""
"https://www.hepsiemlak.com/afyonkarahisar-merkez-sahipata-satilik/daire/146381-40","31","4.025.000","11-09-2025","3 +
                          1","125 m²","Sıfır Bina","1. Kat","İdeal'den Ankara Yolu Üzerinde 3+1 Net 120 M² 0 Satılık Daire","Afyonkarahisar / Merkez / Sahipata Mah.","Whatsapp",""
"https://www.hepsiemlak.com/afyonkarahisar-merkez-guvenevler-satilik/daire/156595-44","27","6.200.000","01-09-2025","4 +
                          1","196 m²","Sıfır Bina","3. Kat","Milsapark Satılık İçi Yapılı Mükemmel Satılık 4+1","Afyonkarahisar / Merkez / Güvenevler Mah.","Whatsapp","https://hecdn01.hemlak.com/mncropresize/182/137/ds01/8/2/7/5/8/9/4/4/1fc1c2b8-b356-4cf9-bc8e-68e167888ee1.jpeg"
"https://www.hepsiemlak.com/afyonkarahisar-merkez-taspinar-satilik/daire/116282-1276","12","1.525.000","14-08-2025","3 +
                          1","130 m²","25
                        Yaşında","4. Kat","Sılam Emlak'tan Taşpınar Mah. 3+1 Satılık Daire","Afyonkarahisar / Merkez / Taşpınar Mah.","Whatsapp","https://hecdn01.hemlak.com/mncropresize/182/137/ds01/6/0/9/1/8/0/5/4/3c6e33ea-96cc-4aef-be67-30231a0c65e0.jpg"
"https://www.hepsiemlak.com/afyonkarahisar-merkez-cumhuriyet-satilik/daire/118665-33","19","2.050.000","02-09-2025","3 +
                          1","110 m²","33
                        Yaşında","Kot 1","Anbaryolunda Ana Cadde Üzeri 1 Ci Kat","Afyonkarahisar / Merkez / Cumhuriyet Mah.","Whatsapp","https://hecdn01.hemlak.com/mncropresize/182/137/ds01/7/2/6/6/2/7/4/4/1748777572173-44726627.jpg"
"https://www.hepsiemlak.com/afyonkarahisar-ihsaniye-gazligol-yunus-emre-satilik/daire/128324-873","40","1.450.000","22-07-2025","1 +
                          1","92 m²","14
                        Yaşında","1. Kat","Kw Alles'ten / Arya Termal'de / 1+1 Suit Oda / Detaylar Açıklamada","Afyonkarahisar / İhsaniye / Gazlıgöl (Yunus Emre) Mah.","Whatsapp","https://hecdn01.hemlak.com/mncropresize/182/137/ds01/0/6/4/3/2/9/2/4/ddd1c360-4755-4d14-a545-4a3918984860.jpg"
"https://www.hepsiemlak.com/afyonkarahisar-merkez-zafer-satilik/daire/156595-17","19","3.150.000","24-07-2025","2 +
                          1","100 m²","Sıfır Bina","1. Kat","Eski Müze Karayolları Kavşağına Yakın Satılık Sıfır 2+1","Afyonkarahisar / Merkez / Zafer Mah.","Whatsapp","https://hecdn01.hemlak.com/mncropresize/182/137/ds01/1/0/0/7/3/6/4/4/78e32344-4789-4bd5-92e5-662b391cb358.jpeg"
"https://www.hepsiemlak.com/afyonkarahisar-merkez-erkmen-hurriyet-satilik/daire/146381-30","15","3.750.000","11-09-2025","2 +
                          1","100 m²","Sıfır Bina","2. Kat","İdeal'den Erkmen'de Ebeveyn Banyolu Lüks 2+1 Satılık Daire!","Afyonkarahisar / Merkez / Erkmen (Hürriyet) Mah.","Whatsapp","https://hecdn01.hemlak.com/mncropresize/182/137/ds01/7/1/7/8/2/2/4/4/a0fd3120-caec-4bdd-8392-736bea052ddd.jpg"
"https://www.hepsiemlak.com/afyonkarahisar-merkez-erenler-satilik/daire/133566-363","34","1.620.000","06-08-2025","2 +
                          1","65 m²","5
                        Yaşında","2. Kat","Eysu Karaca'dan Erenler De Muh. Konumda Satılık 2+1 Apartlar....","Afyonkarahisar / Merkez / Erenler Mah.","Whatsapp","https://hecdn01.hemlak.com/mncropresize/182/137/ds01/4/0/9/0/9/8/4/4/a92a57fe-ce2a-4dfa-8289-d1153c28e2b9.jpeg"
"https://www.hepsiemlak.com/afyonkarahisar-merkez-karaman-satilik/daire/87840-3245","39","5.750.000","26-07-2025","5 +
                          1","240 m²","12
                        Yaşında","En Üst Kat","Öztürk Emlak'tan Karaman Mh'de Dublex Masrafsız 5+1 Satılık Daire","Afyonkarahisar / Merkez / Karaman Mah.","Whatsapp","https://hecdn01.hemlak.com/mncropresize/182/137/ds01/0/4/2/0/4/0/4/4/0ece08eb-c64b-4314-ae9d-daf95ec4bd3b.jpg"
"https://www.hepsiemlak.com/afyonkarahisar-merkez-erenler-satilik/daire/153875-19","6","1.170.000","05-08-2025","2 +
                          0","52 m²","5
                        Yaşında","2. Kat","Erenlerin Merkezinde Ön Cephe Balkonlu Satılık Daire (kiracılı)","Afyonkarahisar / Merkez / Erenler Mah.","Whatsapp","https://hecdn01.hemlak.com/mncropresize/182/137/ds01/8/1/5/2/4/5/4/4/694f1383-ba38-499b-b570-1f426043476d.jpeg"
"https://www.hepsiemlak.com/afyonkarahisar-merkez-fatih-satilik/daire/149466-101","6","5.800.000","14-09-2025","4 +
                          1","137 m²","Sıfır Bina","3. Kat","Sağlam Emlaktan Fatih Te Satılık Lüks 4+1daireler","Afyonkarahisar / Merkez / Fatih Mah.","Whatsapp","https://hecdn01.hemlak.com/mncropresize/182/137/ds01/2/2/7/3/8/0/5/4/dfa727d1-efff-4e81-bbde-2a7777945a17.jpeg"
"https://www.hepsiemlak.com/afyonkarahisar-merkez-cumhuriyet-satilik/daire/150809-6","13","920.000","26-07-2025","2 +
                          1","90 m²","30
                        Yaşında","Bodrum","Cumhuriyet Mahallesi'nde 2+ 1 Satılıkdaire","Afyonkarahisar / Merkez / Cumhuriyet Mah.","Whatsapp","https://hecdn01.hemlak.com/mncropresize/182/137/ds01/7/9/2/2/0/6/3/4/1729879068257-43602297.jpg"
"https://www.hepsiemlak.com/afyonkarahisar-merkez-kocatepe-satilik/daire/146381-76","14","3.500.000","11-09-2025","3 +
                          1","120 m²","21
                        Yaşında","1. Kat","Cezaevi Karşısı Geniş, Teraslı, Satılık 3+1","Afyonkarahisar / Merkez / Kocatepe Mah.","Whatsapp","https://hecdn01.hemlak.com/mncropresize/182/137/ds01/1/2/8/2/9/0/5/4/fd2eb94fae2617e401ed6ee3c3edc0baa241db4633ea0943347594a351a50a45d46dae0619be950516e8de054f7f8dfe.jpg"
"https://www.hepsiemlak.com/afyonkarahisar-merkez-karsiyaka-satilik/daire/145595-216","32","5.000.000","31-07-2025","3 +
                          1","185 m²","Sıfır Bina","2. Kat","Karşıyaka Mah 3+1 Ultra Lüks 170 M2 Site İçi Daire","Afyonkarahisar / Merkez / Karşıyaka Mah.","Whatsapp","https://hecdn01.hemlak.com/mncropresize/182/137/ds01/7/7/5/3/9/9/4/4/c23d6c84-de98-4536-9616-a2a78b5727bd.jpg"
"https://www.hepsiemlak.com/afyonkarahisar-merkez-maresal-fevzi-cakmak-satilik/daire/145887-117","55","5.250.000","03-07-2025","4 +
                          1","160 m²","7
                        Yaşında","4. Kat","07 Truva Emlak'tan Afyonkarahisar Kanlıca Mahellesinde Satılık 4+1 Daire","Afyonkarahisar / Merkez / Mareşal Fevzi Çakmak Mah.","Whatsapp","https://hecdn01.hemlak.com/mncropresize/182/137/ds01/5/0/5/4/7/8/4/4/1751405059936-44874505.jpg"
"https://www.hepsiemlak.com/afyonkarahisar-merkez-kanlica-satilik/daire/146381-73","11","4.690.000","11-09-2025","4 +
                          1","145 m²","Sıfır Bina","3. Kat","İdeal'den Kanlıca'da Sıfır 4+1 Satılık Daire","Afyonkarahisar / Merkez / Kanlıca Mah.","Whatsapp","https://hecdn01.hemlak.com/mncropresize/182/137/ds01/7/1/8/2/9/0/5/4/c6783982613bea267e303d60b363d7016951bea059857a4c4e05d155c9d9429257dca3ce8cdc7ef31f1644a2871e0d7a.jpg"
"https://www.hepsiemlak.com/afyonkarahisar-merkez-zafer-satilik/daire/145595-183","20","1.650.000","09-08-2025","3 +
                          1","110 m²","25
                        Yaşında","Zemin","Tezcan Emlaktan 3+1 Satılık Ana Cadde Üzeri Daire","Afyonkarahisar / Merkez / Zafer Mah.","Whatsapp","https://hecdn01.hemlak.com/mncropresize/182/137/ds01/4/5/6/7/9/7/4/4/1750154261219-44797654.jpg"
"https://www.hepsiemlak.com/afyonkarahisar-merkez-nazmi-saatci-satilik/daire/145595-181","34","2.550.000","26-07-2025","2 +
                          1","90 m²","21
                        Yaşında","Ara Kat","Afyon Tezcan Emlaktan Gazi Mahallesi 2+1 Daire","Afyonkarahisar / Merkez / Nazmi Saatçi Mah.","Whatsapp","https://hecdn01.hemlak.com/mncropresize/182/137/ds01/0/3/2/6/7/7/4/4/d04a4f04-d9c5-4061-941e-0178e0139941.jpg"
"https://www.hepsiemlak.com/afyonkarahisar-merkez-selcuklu-satilik/daire/149466-53","20","3.600.000","18-07-2025","2 +
                          1","75 m²","Sıfır Bina","1. Kat","Sağlam Emlaktan Selçukluda Satılık Eşyalı Lüks 2+1daire","Afyonkarahisar / Merkez / Selçuklu Mah.","Whatsapp","https://hecdn01.hemlak.com/mncropresize/182/137/ds01/1/7/8/8/4/6/4/4/1747512310345-44648871.jpg"
"https://www.hepsiemlak.com/afyonkarahisar-merkez-maresal-fevzi-cakmak-satilik/daire/153665-73","39","2.700.000","27-06-2025","3 +
                          1","138 m²","11
                        Yaşında","Bahçe Katı","Ravza Emlak'tan Mareşal Fevzi Çakmak Mah 3+1 Satılık Geniş Ferah","Afyonkarahisar / Merkez / Mareşal Fevzi Çakmak Mah.","Whatsapp","https://hecdn01.hemlak.com/mncropresize/182/137/ds01/3/3/1/1/7/7/4/4/b017c408-dde2-4670-b3f2-8c4210ab1a7f.jpeg"
"https://www.hepsiemlak.com/afyonkarahisar-merkez-erenler-satilik/daire/153875-30","1","1.270.000","05-08-2025","2 +
                          0","53 m²","5
                        Yaşında","2. Kat","Erenler Çakır Apt 2+0 Satılık","Afyonkarahisar / Merkez / Erenler Mah.","Whatsapp","https://hecdn01.hemlak.com/mncropresize/182/137/ds01/4/5/0/3/2/0/5/4/7bc962fd-1c86-4b62-9f88-f35379bb3896.jpeg"
"https://www.hepsiemlak.com/afyonkarahisar-merkez-cumhuriyet-satilik/daire/145595-162","37","4.550.000","22-07-2025","3 +
                          1","145 m²","7
                        Yaşında","7. Kat","Afyon Tezcan Emlaktan Cumhuriyet Ziraat Bankası Üstü Geniş Lüks 3+1 Daire","Afyonkarahisar / Merkez / Cumhuriyet Mah.","Whatsapp","https://hecdn01.hemlak.com/mncropresize/182/137/ds01/5/0/3/9/0/5/4/4/dbc76f1e-4084-4eee-a880-2aeef9601aa7.jpg"
"https://www.hepsiemlak.com/afyonkarahisar-merkez-esrefpasa-satilik/daire/62013-699","32","2.890.000","18-07-2025","3 +
                          1","115 m²","11
                        Yaşında","2. Kat","Eşrefpaşa'da Satılık 3+1 Doğalgazlı Daire","Afyonkarahisar / Merkez / Eşrefpaşa Mah.","Whatsapp",""
"https://www.hepsiemlak.com/afyonkarahisar-merkez-kasimpasa-satilik/daire/154976-39","25","2.000.000","08-09-2025","1 +
                          1","60 m²","4
                        Yaşında","3. Kat","Afyon Merkez Kasımpaşa Mah. 1+1 Eşyalı Satılık Daire","Afyonkarahisar / Merkez / Kasımpaşa Mah.","Whatsapp",""
"https://www.hepsiemlak.com/afyonkarahisar-merkez-cumhuriyet-satilik/daire/87840-3305","22","2.000.000","28-08-2025","2 +
                          1","95 m²","26
                        Yaşında","3. Kat","Öztürk Emlak'tan Cumhuriyet Mh'de Masrafsız Bakımlı Arakat 2+1","Afyonkarahisar / Merkez / Cumhuriyet Mah.","Whatsapp",""
"https://www.hepsiemlak.com/afyonkarahisar-merkez-nazmi-saatci-satilik/daire/153665-71","27","2.850.000","04-09-2025","3 +
                          1","135 m²","26
                        Yaşında","4. Kat","Ravza Emlak 'tan Harbiş Nazmi Saatçi Mah 3+1 Satılık Daire","Afyonkarahisar / Merkez / Nazmi Saatçi Mah.","Whatsapp","https://hecdn01.hemlak.com/mncropresize/182/137/ds01/1/3/1/1/7/7/4/4/0abcab8d-8131-4e73-aea3-e615af580f74.jpeg"
"https://www.hepsiemlak.com/afyonkarahisar-merkez-mecidiye-satilik/daire/145595-38","33","2.500.000","12-08-2025","4 +
                          1","145 m²","20
                        Yaşında","3. Kat","Tezcan Emlaktan Ayaktekke Cami Karşısı 3+1 Lüks Daire","Afyonkarahisar / Merkez / Mecidiye Mah.","Whatsapp","https://hecdn01.hemlak.com/mncropresize/182/137/ds01/9/1/9/9/3/1/3/4/1e28b59e-1c74-448a-8334-6b4a524e778e.jpg"
"https://www.hepsiemlak.com/afyonkarahisar-merkez-mecidiye-satilik/daire/113196-283","25","2.400.000","15-09-2025","3 +
                          1","115 m²","26
                        Yaşında","3. Kat","Koçoğlundan Milli Birlik Caddesi Üzerinde 3+1 Satılık Daire","Afyonkarahisar / Merkez / Mecidiye Mah.","Whatsapp","https://hecdn01.hemlak.com/mncropresize/182/137/ds01/3/7/4/3/4/9/4/4/ddf7cb21-816d-4bcc-9659-3838e35c6a4e.jpeg"
"https://www.hepsiemlak.com/afyonkarahisar-merkez-dumlupinar-satilik/daire/154976-37","25","2.400.000","09-09-2025","3 +
                          1","125 m²","26
                        Yaşında","5. Kat","Afyon 3+1 Satılık Afjetli Daire","Afyonkarahisar / Merkez / Dumlupınar Mah.","Whatsapp","https://hecdn01.hemlak.com/mncropresize/182/137/ds01/0/9/7/4/8/4/4/4/f4c79367-8107-4972-9ae8-6bba72918ad1.jpeg"
"https://www.hepsiemlak.com/afyonkarahisar-merkez-selcuklu-satilik/daire/149466-27","34","6.600.000","14-09-2025","4 +
                          1","160 m²","Sıfır Bina","2. Kat","Sağlam Emlaktan Selçukluda Lüks 4+1daire","Afyonkarahisar / Merkez / Selçuklu Mah.","Whatsapp","https://hecdn01.hemlak.com/mncropresize/182/137/ds01/0/6/1/7/9/3/4/4/3646ecc2-58e3-4f09-ba40-a01df5805f3e.jpeg"
"https://www.hepsiemlak.com/afyonkarahisar-merkez-cumhuriyet-satilik/daire/116282-1253","15","1.750.000","28-06-2025","2 +
                          1","95 m²","35
                        Yaşında","Ara Kat","Sılam Emlak'tan Cumhuriyet Mah. 2+1 Satılık Daire","Afyonkarahisar / Merkez / Cumhuriyet Mah.","Whatsapp","https://hecdn01.hemlak.com/mncropresize/182/137/ds01/2/0/5/0/9/7/4/4/c640e027-41e8-4de4-ba06-1a0d555578e8.jpg"
"https://www.hepsiemlak.com/afyonkarahisar-merkez-burmali-satilik/daire/87840-3268","22","3.100.000","19-08-2025","2 +
                          1","85 m²","20
                        Yaşında","3. Kat","Öztürk Emlaktan Çarşı Merkezde 3 Katlı Komple Satılık Bina","Afyonkarahisar / Merkez / Burmalı Mah.","Whatsapp","https://hecdn01.hemlak.com/mncropresize/182/137/ds01/1/9/2/3/7/1/4/4/96f4b031-f9f3-49a9-8070-f4ca67e8ce73.jpg"
"https://www.hepsiemlak.com/afyonkarahisar-merkez-karsiyaka-satilik/daire/153665-62","21","3.500.000","27-06-2025","3 +
                          1","110 m²","Sıfır Bina","1. Kat","Ravza Emlak 'tan Karşıyaka Mah 3+1 Ultra Lüks Dairemiz","Afyonkarahisar / Merkez / Karşıyaka Mah.","Whatsapp","https://hecdn01.hemlak.com/mncropresize/182/137/ds01/0/0/1/1/7/7/4/4/d8903377-64a1-40df-aaf6-b43c80ed0509.jpeg"
"https://www.hepsiemlak.com/afyonkarahisar-merkez-erkmen-cumhuriyet-satilik/daire/62013-679","54","9.450.000","06-09-2025","6 +
                          2","256 m²","5
                        Yaşında","4. Kat","Salim Emlak - Uydukent 6+2 Lüks Dubleks Daire","Afyonkarahisar / Merkez / Erkmen (Cumhuriyet) Mah.","Whatsapp","https://hecdn01.hemlak.com/mncropresize/182/137/ds01/9/6/3/3/9/5/4/4/ce563c33-ba24-4535-b8ac-c987a4372847.jpeg"
"https://www.hepsiemlak.com/afyonkarahisar-merkez-selcuklu-satilik/daire/149466-25","23","4.150.000","14-09-2025","2 +
                          1","100 m²","Sıfır Bina","3. Kat","Sağlam Emlaktan Selçukluda Satılık Lüks Daire","Afyonkarahisar / Merkez / Selçuklu Mah.","Whatsapp","https://hecdn01.hemlak.com/mncropresize/182/137/ds01/8/5/1/7/9/3/4/4/c05e79ed-e474-482e-b0d6-0fea287fa97c.jpeg"
"https://www.hepsiemlak.com/afyonkarahisar-merkez-kanlica-satilik/daire/153665-58","21","3.800.000","04-09-2025","3 +
                          1","125 m²","Sıfır Bina","3. Kat","Ravza Emlak Güvencesiyle Kanlıca Mah Ultra Lüks 3+1 Dairemiz","Afyonkarahisar / Merkez / Kanlıca Mah.","Whatsapp","https://hecdn01.hemlak.com/mncropresize/182/137/ds01/6/9/0/1/7/7/4/4/7ad2aa49-207d-4e9d-b453-9f632e4606b8.jpeg"
"https://www.hepsiemlak.com/afyonkarahisar-ihsaniye-yaylabagi-esentepe-satilik/daire/156595-27","17","3.700.000","03-07-2025","5 +
                          2","200 m²","11
                        Yaşında","Villa Katı","Afyon Gazlıgöl De Tribleks 5+1 Termal Villa","Afyonkarahisar / İhsaniye / Yaylabağı (Esentepe) Mah.","Whatsapp","https://hecdn01.hemlak.com/mncropresize/182/137/ds01/3/2/0/7/3/6/4/4/84eb9623-6ef9-43bd-b81a-22756165ca91.jpeg"
"https://www.hepsiemlak.com/afyonkarahisar-merkez-dumlupinar-satilik/daire/62013-677","45","2.950.000","06-09-2025","3 +
                          1","140 m²","31
                        Yaşında","3. Kat","Salim Emlak - Atatürk Caddesi Üzerinde Temiz 3+1 Satılık Daire","Afyonkarahisar / Merkez / Dumlupınar Mah.","Whatsapp","https://hecdn01.hemlak.com/mncropresize/182/137/ds01/6/6/3/3/9/5/4/4/0a6e9bc9-5760-4513-82dd-3ddf786601c9.jpeg"
"https://www.hepsiemlak.com/afyonkarahisar-emirdag-yeni-satilik/daire/131372-1563","5","1.950.000","19-08-2025","2 +
                          1","115 m²","Sıfır Bina","5. Kat","Rw Nestten Emirdağ Yeni Mahallede Satılık Site İçi Havuzlu 2+1","Afyonkarahisar / Emirdağ / Yeni Mah.","Whatsapp","https://hecdn01.hemlak.com/mncropresize/182/137/ds01/6/5/1/8/0/1/5/4/0e87ab5d-5aeb-4f82-8699-ad002bc9d6f2.jpeg"
"https://www.hepsiemlak.com/afyonkarahisar-merkez-kanlica-satilik/daire/153665-55","38","4.200.000","19-07-2025","3 +
                          1","130 m²","Sıfır Bina","2. Kat","Ravza Emlak ,Tan Konforlu Yeni Yaşam Alanı 3+1 Ultra Lüks Daire","Afyonkarahisar / Merkez / Kanlıca Mah.","Whatsapp","https://hecdn01.hemlak.com/mncropresize/182/137/ds01/0/9/0/1/7/7/4/4/0506f4c3-15e4-4b7e-82c7-f46dbe378e57.jpeg"
"https://www.hepsiemlak.com/afyonkarahisar-merkez-cumhuriyet-satilik/daire/155955-18","39","2.975.000","27-07-2025","2 +
                          1","105 m²","10
                        Yaşında","1. Kat","Afyon Merkez Cumhuriyet Mahallesi Musamcı Ali Caddesi'nde Satılık 2+1 Bakımlı Fırsat Daire","Afyonkarahisar / Merkez / Cumhuriyet Mah.","Whatsapp","https://hecdn01.hemlak.com/mncropresize/182/137/ds01/8/0/4/4/1/7/4/4/1748547131255-44714408.jpg"
"https://www.hepsiemlak.com/afyonkarahisar-merkez-dumlupinar-satilik/daire/149466-8","29","3.190.000","14-09-2025","3 +
                          1","130 m²","21
                        Yaşında","4. Kat","Sağlam Emlaktan Dumlupınarda Satılık Afjetli Cadde Üzeri Daire","Afyonkarahisar / Merkez / Dumlupınar Mah.","Whatsapp","https://hecdn01.hemlak.com/mncropresize/182/137/ds01/0/4/1/7/9/3/4/4/ac244501-7813-4fd2-b2f8-25ef1fd0585b.jpeg"
"https://www.hepsiemlak.com/afyonkarahisar-merkez-fatih-satilik/daire/113196-284","19","3.400.000","15-09-2025","2 +
                          1","97 m²","Sıfır Bina","3. Kat","Koçoğlundan Aliihsan Paşada Ayrı Mutfak Sıfır 2+1 Satılık Daire","Afyonkarahisar / Merkez / Fatih Mah.","Whatsapp","https://hecdn01.hemlak.com/mncropresize/182/137/ds01/5/7/4/3/4/9/4/4/8bfc0626-3bfb-4c88-9f89-5bbb8b34d91b.jpeg"
"https://www.hepsiemlak.com/afyonkarahisar-merkez-erkmen-cumhuriyet-satilik/daire/153665-50","37","5.500.000","19-07-2025","4 +
                          1","200 m²","4
                        Yaşında","7. Kat","Ravza Emlak 'tan Erkmen 'de 4+1 Konforlu Yeni Yaşam Alanları","Afyonkarahisar / Merkez / Erkmen (Cumhuriyet) Mah.","Whatsapp","https://hecdn01.hemlak.com/mncropresize/182/137/ds01/2/8/0/3/9/5/4/4/7be05839-dd21-4346-95c3-08103fce9d7f.jpeg"
"https://www.hepsiemlak.com/afyonkarahisar-merkez-fatih-satilik/daire/143765-611","17","2.600.000","29-07-2025","3 +
                          1","120 m²","17
                        Yaşında","3. Kat","Nokta  Emlak'tan Fatih Mh. 3+1 Satılık Daire","Afyonkarahisar / Merkez / Fatih Mah.","Whatsapp","https://hecdn01.hemlak.com/mncropresize/182/137/ds01/1/8/4/5/4/4/4/4/1744213988250-44445481.jpg"
"https://www.hepsiemlak.com/afyonkarahisar-merkez-cumhuriyet-satilik/daire/87840-3297","15","1.650.000","09-08-2025","3 +
                          1","125 m²","28
                        Yaşında","4. Kat","Öztürk Emlak'tan Cumhuriyet Mh'de Ara Kat 3+1 Doğalgazlı Daire","Afyonkarahisar / Merkez / Cumhuriyet Mah.","Whatsapp","https://hecdn01.hemlak.com/mncropresize/182/137/ds01/5/1/9/2/4/5/4/4/1751315389272-44542915.jpg"
"https://www.hepsiemlak.com/afyonkarahisar-merkez-selcuklu-satilik/daire/145595-201","11","3.950.000","16-08-2025","2 +
                          1","75 m²","4
                        Yaşında","Ara Kat","Selçuklu Mah 2+1 Ayarında Sıfıra Yakın Eşyalı Daire","Afyonkarahisar / Merkez / Selçuklu Mah.","Whatsapp",""
"https://www.hepsiemlak.com/afyonkarahisar-merkez-fatih-satilik/daire/113196-259","19","3.400.000","07-08-2025","2 +
                          1","97 m²","Sıfır Bina","3. Kat","Koçoğlundan Aliihsan Paşada Ayrı Mutfak Sıfır 2+1 Satılık Daire","Afyonkarahisar / Merkez / Fatih Mah.","Whatsapp",""
"https://www.hepsiemlak.com/afyonkarahisar-merkez-ornekevler-satilik/daire/143765-601","20","1.650.000","29-07-2025","2 +
                          1","95 m²","30
                        Yaşında","Ara Kat","Nokta Emlak'tan Örnekevler Mh. 2+1 Satılık Daire","Afyonkarahisar / Merkez / Örnekevler Mah.","Whatsapp",""
"https://www.hepsiemlak.com/afyonkarahisar-merkez-ali-cetinkaya-satilik/daire/62013-689","23","3.950.000","06-09-2025","2 +
                          1","73 m²","Sıfır Bina","2. Kat","1,99 Kredi İmkanı İle Eski Stad Bölgesi Satılık Lüks Daireler","Afyonkarahisar / Merkez / Ali Çetinkaya Mah.","Whatsapp","https://hecdn01.hemlak.com/mncropresize/182/137/ds01/5/8/4/4/7/7/4/4/c045b3eb-ba8b-4a23-9e00-823b11bce9a3.jpeg"
"https://www.hepsiemlak.com/afyonkarahisar-merkez-erenler-satilik/daire/145595-220","8","1.350.000","06-08-2025","1 +
                          1","55 m²","5
                        Yaşında","Ara Kat","Erenler  Mah  Geniş  1+1 Eşyalı Daire","Afyonkarahisar / Merkez / Erenler Mah.","Whatsapp","https://hecdn01.hemlak.com/mncropresize/182/137/ds01/0/4/6/6/4/0/5/4/62c9d6ba-d454-49dc-9816-b563eac83984.jpg"
"https://www.hepsiemlak.com/afyonkarahisar-merkez-selcuklu-satilik/daire/62013-678","21","4.150.000","18-07-2025","2 +
                          1","100 m²","Sıfır Bina","1. Kat","Selçuklu Mah. Uydukent 2+1 Luks Sıfır Geniş Daire","Afyonkarahisar / Merkez / Selçuklu Mah.","Whatsapp","https://hecdn01.hemlak.com/mncropresize/182/137/ds01/7/6/3/3/9/5/4/4/c40ab619-1f80-4728-adc0-91502c3ddf6d.jpeg"
"https://www.hepsiemlak.com/afyonkarahisar-ihsaniye-yaylabagi-ataturk-satilik/daire/0-43946700","6","1.550.000","01-09-2025","1 +
                          1","70 m²","3
                        Yaşında","Ara Kat","Devre Mülk Değil Müstakil Tapu","Afyonkarahisar / İhsaniye / Yaylabağı (Atatürk) Mah.","Whatsapp","https://hecdn01.hemlak.com/mncropresize/182/137/ds01/0/0/7/6/4/9/3/4/1735328951985-43946700.jpg"
"https://www.hepsiemlak.com/afyonkarahisar-merkez-zafer-satilik/daire/146381-62","6","4.500.000","11-09-2025","3 +
                          1","125 m²","Sıfır Bina","4. Kat","İdealden Zafer Mah. Ebeveyn Banyolu Giyinme Odalı Ultra Lüks 3+1","Afyonkarahisar / Merkez / Zafer Mah.","Whatsapp","https://hecdn01.hemlak.com/mncropresize/182/137/ds01/4/0/8/2/9/0/5/4/a29d6d4e8ed947c260d029fd7e815b48d32a4809ba1c4ada0a1685e6ca14d03376fe16253593a2dac3ccbeb827083ace.jpg"
"https://www.hepsiemlak.com/afyonkarahisar-merkez-erenler-satilik/daire/62013-636","17","1.400.000","18-07-2025","2 +
                          1","55 m²","5
                        Yaşında","4. Kat","Erenlerde Satılık 2+ 1 Lüks Daire","Afyonkarahisar / Merkez / Erenler Mah.","Whatsapp","https://hecdn01.hemlak.com/mncropresize/182/137/ds01/6/3/1/3/4/5/3/4/a7d1d61b-f59e-4d99-b00e-74afe5427ce3.jpeg"
"https://www.hepsiemlak.com/afyonkarahisar-merkez-hoca-ahmet-yesevi-satilik/daire/154976-61","17","1.870.000","12-09-2025","2 +
                          1","90 m²","11
                        Yaşında","4. Kat","Afyon Merkez Yeşilyurt Toki 2+1 Satılık Daire","Afyonkarahisar / Merkez / Hoca Ahmet Yesevi Mah.","Whatsapp","https://hecdn01.hemlak.com/mncropresize/182/137/ds01/4/8/7/7/3/8/4/4/98f7c6e7-9344-455e-8889-e85dab8998b5.jpeg"
"https://www.hepsiemlak.com/afyonkarahisar-merkez-zafer-satilik/daire/62013-682","16","3.150.000","06-09-2025","2 +
                          1","95 m²","Sıfır Bina","1. Kat","Salim Grp Emlak Zafer Mahallesinde Satılık 2+1 Sıfır Daireler","Afyonkarahisar / Merkez / Zafer Mah.","Whatsapp","https://hecdn01.hemlak.com/mncropresize/182/137/ds01/9/0/9/2/1/6/4/4/d1e8a14a-c9e6-4f9b-a469-22b25d2032ff.jpeg"
"https://www.hepsiemlak.com/afyonkarahisar-ihsaniye-yaylabagi-esentepe-satilik/daire/0-43364246","2","655.000","04-09-2025","1 +
                          1","55 m²","7
                        Yaşında","Zemin","Sahibinden Satılık 1+1 Daire Tam Tapo","Afyonkarahisar / İhsaniye / Yaylabağı (Esentepe) Mah.","Whatsapp","https://hecdn01.hemlak.com/mncropresize/182/137/ds01/6/4/2/4/6/3/3/4/ZnwJnjX1aoDxAanNqVKha.jpg"
"https://www.hepsiemlak.com/afyonkarahisar-merkez-selcuklu-satilik/daire/156595-43","16","3.650.000","03-07-2025","2 +
                          1","73 m²","Sıfır Bina","1. Kat","Uydukent Kira Getirisi Yüksek Satılık Sıfır 2+1 Eşyalı","Afyonkarahisar / Merkez / Selçuklu Mah.","Whatsapp","https://hecdn01.hemlak.com/mncropresize/182/137/ds01/6/1/7/4/8/8/4/4/08830a2b-1eee-4e9b-8979-7fc5b14e2db5.jpeg"
"https://www.hepsiemlak.com/afyonkarahisar-merkez-selcuklu-satilik/daire/156595-42","30","5.500.000","03-07-2025","4 +
                          1","175 m²","5
                        Yaşında","1. Kat","Uydukent Acil Satılık 4+1 Fırsat Daire","Afyonkarahisar / Merkez / Selçuklu Mah.","Whatsapp","https://hecdn01.hemlak.com/mncropresize/182/137/ds01/3/1/7/4/8/8/4/4/d0210784-43c5-4ce4-8cb8-0097da2a7bff.jpeg"
"https://www.hepsiemlak.com/afyonkarahisar-cay-elbiz-satilik/daire/154976-40","15","1.750.000","28-08-2025","3 +
                          1","115 m²","16
                        Yaşında","2. Kat","Afyon Çay Elbiz Mah. Satılık Kupon Daire","Afyonkarahisar / Çay / Elbiz Mah.","Whatsapp","https://hecdn01.hemlak.com/mncropresize/182/137/ds01/7/9/7/4/8/4/4/4/23a5c390-bfac-43d7-bfea-e4444be4179d.jpeg"
"https://www.hepsiemlak.com/afyonkarahisar-merkez-hoca-ahmet-yesevi-satilik/daire/62013-704","8","1.775.000","05-07-2025","2 +
                          0","90 m²","14
                        Yaşında","1. Kat","Salim Grp Emlak - Sahipata Toki De 2+0 Fırsat Daire","Afyonkarahisar / Merkez / Hoca Ahmet Yesevi Mah.","Whatsapp","https://hecdn01.hemlak.com/mncropresize/182/137/ds01/4/4/1/1/9/8/4/4/1751696566387-44891144.jpg"
"https://www.hepsiemlak.com/afyonkarahisar-merkez-susuz-sakarya-satilik/daire/156595-39","26","2.750.000","01-09-2025","2 +
                          1","110 m²","11
                        Yaşında","1. Kat","Susuzda Merkezi Konumda 2 Katlı Ev Ve Arsası Acil Satılık","Afyonkarahisar / Merkez / Susuz (Sakarya) Mah.","Whatsapp","https://hecdn01.hemlak.com/mncropresize/182/137/ds01/7/6/6/2/8/7/4/4/a0cabaab-ee39-4f1b-a54c-2b3fd48febff.jpeg"
"https://www.hepsiemlak.com/afyonkarahisar-merkez-maresal-fevzi-cakmak-satilik/daire/154976-6","23","5.400.000","12-09-2025","2 +
                          1","90 m²","26
                        Yaşında","2. Kat","Afyon Merkez Komple Satılık Bina","Afyonkarahisar / Merkez / Mareşal Fevzi Çakmak Mah.","Whatsapp","https://hecdn01.hemlak.com/mncropresize/182/137/ds01/8/3/6/5/7/1/4/4/911e4a4c-5c4d-40ce-a837-99a69317e85f.jpeg"
"https://www.hepsiemlak.com/afyonkarahisar-merkez-guvenevler-satilik/daire/156595-35","16","3.950.000","01-09-2025","1 +
                          1","105 m²","Sıfır Bina","1. Kat","Güvenevler Afm İş Merkezinde Satılık Ofis-Büro","Afyonkarahisar / Merkez / Güvenevler Mah.","Whatsapp","https://hecdn01.hemlak.com/mncropresize/182/137/ds01/1/6/6/2/8/7/4/4/e4732d42-e622-4c3e-ae51-44bd0cdb6847.jpeg"
"https://www.hepsiemlak.com/afyonkarahisar-merkez-kanlica-satilik/daire/156595-34","46","5.100.000","24-07-2025","4 +
                          1","165 m²","5
                        Yaşında","3. Kat","Kanlıca Ana Yol Üzeri Garajlı Kilerli Ultra Lüks Satılık 4+1","Afyonkarahisar / Merkez / Kanlıca Mah.","Whatsapp","https://hecdn01.hemlak.com/mncropresize/182/137/ds01/9/5/6/2/8/7/4/4/886c698d-157c-483c-bb22-84a335e51bc2.jpeg"
"https://www.hepsiemlak.com/afyonkarahisar-merkez-fatih-satilik/daire/149466-78","12","4.300.000","19-07-2025","3 +
                          1","115 m²","Sıfır Bina","En Üst Kat","Sağlam Emlaktan Fatihte Satılık 3+1daireler","Afyonkarahisar / Merkez / Fatih Mah.","Whatsapp","https://hecdn01.hemlak.com/mncropresize/182/137/ds01/7/6/9/4/9/8/4/4/1751744041-484854-44894967.jpeg"
"https://www.hepsiemlak.com/afyonkarahisar-merkez-erkmen-hurriyet-satilik/daire/146381-65","","3.500.000","11-09-2025","2 +
                          1","105 m²","Sıfır Bina","4. Kat","İdeal'den Erkmen Kadayıfçıoğlu Arkası Geniş Satılık 2+1 Daire!","Afyonkarahisar / Merkez / Erkmen (Hürriyet) Mah.","Whatsapp",""
"https://www.hepsiemlak.com/afyonkarahisar-merkez-erenler-satilik/daire/153733-37","6","1.380.000","02-08-2025","2 +
                          0","70 m²","11
                        Yaşında","2. Kat","Göktuğ Emlaktan Erenlerde Satılık 2+0 Daire!","Afyonkarahisar / Merkez / Erenler Mah.","Whatsapp","https://hecdn01.hemlak.com/mncropresize/182/137/ds01/8/6/3/4/6/3/4/4/f9cca16c-7e1f-4ce5-a30b-6188b4c0a388.jpeg"
"https://www.hepsiemlak.com/afyonkarahisar-merkez-fatih-satilik/daire/62013-696","27","2.670.000","25-06-2025","2 +
                          1","100 m²","12
                        Yaşında","1. Kat","Salim Group Emlaktan Fatih'te Güzel Konumlu Daire","Afyonkarahisar / Merkez / Fatih Mah.","Whatsapp","https://hecdn01.hemlak.com/mncropresize/182/137/ds01/2/4/7/1/4/8/4/4/b58709dd-29fe-41cd-bb9a-42fca0e1ec6f.jpg"
"https://www.hepsiemlak.com/afyonkarahisar-merkez-battalgazi-satilik/daire/62013-697","25","3.100.000","25-06-2025","3 +
                          1","110 m²","2
                        Yaşında","3. Kat","Salim Group Emlaktan Çetınkaya Tokilerde Giriş Bölümü 3+1 Daire","Afyonkarahisar / Merkez / Battalgazi Mah.","Whatsapp",""
"https://www.hepsiemlak.com/afyonkarahisar-merkez-cumhuriyet-satilik/daire/118665-34","7","2.750.000","30-08-2025","3 +
                          1","130 m²","20
                        Yaşında","Kot 3","Cumhurıyet Mahallesınde Satılık 3+1 Daıre","Afyonkarahisar / Merkez / Cumhuriyet Mah.","Whatsapp",""
"https://www.hepsiemlak.com/afyonkarahisar-merkez-gazi-satilik/daire/156595-15","17","2.750.000","01-09-2025","2 +
                          1","60 m²","Sıfır Bina","2. Kat","Migros Kavşağına Yakın Eşyalı 2+1","Afyonkarahisar / Merkez / Gazi Mah.","Whatsapp",""
"https://www.hepsiemlak.com/afyonkarahisar-merkez-dumlupinar-satilik/daire/145595-166","24","2.550.000","11-07-2025","3 +
                          1","125 m²","22
                        Yaşında","2. Kat","Afyon Tezcan Emlaktan Ambaryolunda Çok Hesaplı Daireler","Afyonkarahisar / Merkez / Dumlupınar Mah.","Whatsapp","https://hecdn01.hemlak.com/mncropresize/182/137/ds01/0/4/1/4/3/5/4/4/ed0811d6-9d74-4371-aab3-d085e0492880.jpg"
"https://www.hepsiemlak.com/afyonkarahisar-merkez-selcuklu-satilik/daire/156595-3","23","4.150.000","01-09-2025","2 +
                          1","105 m²","Sıfır Bina","3. Kat","Uyduken Devlet Hastanesine Yakın Geniş 2+1","Afyonkarahisar / Merkez / Selçuklu Mah.","Whatsapp","https://hecdn01.hemlak.com/mncropresize/182/137/ds01/1/0/2/2/1/4/4/4/8f3412a8-a89f-45bb-8474-7ec41f0ff57a.jpeg"
"https://www.hepsiemlak.com/afyonkarahisar-merkez-selcuklu-satilik/daire/156595-38","14","2.800.000","01-09-2025","1 +
                          1","54 m²","Sıfır Bina","1. Kat","Uydukent Yatırımlık Kaçırılmayacak Fırsat Taksitli 1+1 Eşyalı","Afyonkarahisar / Merkez / Selçuklu Mah.","Whatsapp","https://hecdn01.hemlak.com/mncropresize/182/137/ds01/5/6/6/2/8/7/4/4/fcab649e-52d9-4568-b826-bec3c6c0a74b.jpeg"
"https://www.hepsiemlak.com/afyonkarahisar-merkez-maresal-fevzi-cakmak-satilik/daire/62013-701","16","2.620.000","26-06-2025","2 +
                          1","105 m²","3
                        Yaşında","1. Kat","Salim Group Emlaktan Mareşal'de Fırsat 2+1 Daire","Afyonkarahisar / Merkez / Mareşal Fevzi Çakmak Mah.","Whatsapp","https://hecdn01.hemlak.com/mncropresize/182/137/ds01/6/7/4/6/4/8/4/4/67077006-5197-4d86-a03f-ae4069323bbb.jpg"
"https://www.hepsiemlak.com/afyonkarahisar-merkez-akmescit-satilik/daire/145595-56","12","1.800.000","27-07-2025","3 +
                          3","115 m²","27
                        Yaşında","Giriş Katı","Afyon  Burmalı Mah 4 Adet Daire 1 Daire  Fiyatına  Komple Bina","Afyonkarahisar / Merkez / Akmescit Mah.","Whatsapp","https://hecdn01.hemlak.com/mncropresize/182/137/ds01/2/8/2/3/4/1/3/4/d4b7c2e3-f4aa-40bb-b122-6aba87f3494e.jpg"
"https://www.hepsiemlak.com/afyonkarahisar-merkez-karsiyaka-satilik/daire/156595-24","13","2.700.000","01-09-2025","2 +
                          0","50 m²","Sıfır Bina","2. Kat","Filli Kavşak Yakını Ana Yol Üzeri Eşyalı Satılık 1+1 +2+1","Afyonkarahisar / Merkez / Karşıyaka Mah.","Whatsapp","https://hecdn01.hemlak.com/mncropresize/182/137/ds01/6/1/0/7/3/6/4/4/9278361b-f78d-402a-9408-07c9b155cdcd.jpeg"
"https://www.hepsiemlak.com/afyonkarahisar-merkez-karsiyaka-satilik/daire/156595-25","12","3.600.000","03-07-2025","3 +
                          1","120 m²","Sıfır Bina","2. Kat","Karşıyaka'da Ana Yola Yakın 3+1","Afyonkarahisar / Merkez / Karşıyaka Mah.","Whatsapp","https://hecdn01.hemlak.com/mncropresize/182/137/ds01/9/1/0/7/3/6/4/4/5567c4f5-3a1e-4aba-a5ae-abcf099f8a59.jpeg"
"https://www.hepsiemlak.com/afyonkarahisar-merkez-dervis-pasa-satilik/daire/156595-21","12","2.700.000","24-07-2025","2 +
                          0","55 m²","Sıfır Bina","4. Kat","Dervişpaşa Merkezde Yatırımlık Eşyalı Sıfır 2+1","Afyonkarahisar / Merkez / Derviş Paşa Mah.","Whatsapp","https://hecdn01.hemlak.com/mncropresize/182/137/ds01/1/1/0/7/3/6/4/4/37e5fca0-29d5-46ee-83dc-8f5bae72550d.jpeg"
"https://www.hepsiemlak.com/afyonkarahisar-merkez-cumhuriyet-satilik/daire/101004-8888","11","1.925.000","17-07-2025","3 +
                          1","95 m²","23
                        Yaşında","1. Kat","Afyonkarahisar Merkez Satılık Konut","Afyonkarahisar / Merkez / Cumhuriyet Mah.","","https://hecdn01.hemlak.com/mncropresize/182/137/ds01/8/0/1/5/8/8/2/4/e6bbfa11-90fe-4ad0-93ca-9741bc421e55.jpg"
"https://www.hepsiemlak.com/afyonkarahisar-merkez-selcuklu-satilik/daire/156595-2","9","9.800.000","24-07-2025","4 +
                          1","200 m²","Sıfır Bina","3. Kat","Uydukent Ultra Lüks 200 M2 Satılık Daire","Afyonkarahisar / Merkez / Selçuklu Mah.","Whatsapp","https://hecdn01.hemlak.com/mncropresize/182/137/ds01/2/9/1/2/1/4/4/4/0360e3de-d6fe-418d-895f-efff213ed81e.jpeg"
"https://www.hepsiemlak.com/afyonkarahisar-merkez-sulun-hisar-satilik/daire/101004-8782","7","2.750.000","05-07-2025","4 +
                          1","156 m²","3
                        Yaşında","1. Kat","Afyonkarahisar Merkez Satılık Konut","Afyonkarahisar / Merkez / Sülün (Hisar) Mah.","","https://hecdn01.hemlak.com/mncropresize/182/137/ds01/9/9/2/5/1/3/2/4/b8b0a025-7398-41f9-8362-8ed453527523.jpg"
"https://www.hepsiemlak.com/afyonkarahisar-merkez-fatih-satilik/daire/101004-9277","4","2.350.000","20-07-2025","3 +
                          1","113 m²","23
                        Yaşında","1. Kat","Afyonkarahisar Merkez Satılık Konut","Afyonkarahisar / Merkez / Fatih Mah.","","https://hecdn01.hemlak.com/mncropresize/182/137/ds01/1/1/8/6/9/4/4/4/26c2a4b5-8fbe-4d65-a2c7-93f690f90386.jpg"
"https://www.hepsiemlak.com/afyonkarahisar-merkez-yenice-satilik/daire/101004-9276","3","3.250.000","20-07-2025","3 +
                          1","116 m²","11
                        Yaşında","1. Kat","Afyonkarahisar Merkez Satılık Konut","Afyonkarahisar / Merkez / Yenice Mah.","","https://hecdn01.hemlak.com/mncropresize/182/137/ds01/0/1/8/6/9/4/4/4/1b999466-9257-4629-a3f7-7002257d5b64.jpg"