"classifiedTitle","searchResultsAttributeValue","searchResultsAttributeValue 2","classified-price-container","searchResultsLocationValue"
"ÇINAR GRUP'DAN ÇAY ŞİRİNEVLER'DE SATILIK 3+1 ARA KAT LÜKS DAİRE","125","3+1","3.600.000 TL","Çay"
"KARANFİL EMLAK SATILIK ESKİ STADYUM DA 4+1 LÜKS DAİRE","180","4+1","7.950.000 TL","Merkez"
"ÇINAR GRUP'DAN ÇAY İLÇEMİZ DÖRTYOL'DA SATILIK 2+1 DAİRELER","70","2+1","2.300.000 TL","Çay"
"","","","",""
"SAHİPATADA SATILIK 3+1 LÜX DAİRELER","125","3+1","4.050.000 TL","Merkez"
"FATİH MAHALLESİ ÇEVRE YOLUNDA 3+1 YERDEN ISITMALI SIFIR DAİRE","115","3+1","4.000.000 TL","Merkez"
"SATILIK LÜKS DAİRE HAZIR KİRACILI","130","3+1","3.600.000 TL","Merkez"
"İNAN'dan M.F.ÇAKMAK MH HOBİ BAHÇELİ MÜSTAKİL HAVASINDA","130","3+1","3.650.000 TL","MerkezHarbiş"
"İNAN' dan DUMLUPINAR MH ARA KAT DOKTORLAR SİTESİ 2+1 SATILIK","90","2+1","1.850.000 TL","MerkezDumlupınar"
"İNAN'dan SELÇUKLU MH AYÇİN SİTESİ AFJETLI DAİRE","125","3+1","3.250.000 TL","Merkez"
"DURAK EMLAK'TAN SATILIK","90","2+1","1.525.000 TL","MerkezHarbiş"
"!!! İPLİKÇİOĞLU RESİDENCE - KÖŞE KONUMLU - 4+1 LÜKS DAİRE !!!","170","4+1","5.950.000 TL","MerkezÇarşı"
"HAYALİMDEN KÖŞE KONUMLU MANZARALI DUBLEKS 6+2","256","6+2","9.450.000 TL","Merkez"
"Erkmen Florya Park Sitesinde 3+1 Lüks Daire","165","3+1","7.250.000 TL","Merkez"
"HEM YATIRIMA HEM YAŞAMA UYGUN HEMDE 1,99 FAİZ ORANIYLA","70","2+1","4.350.000 TL","Merkez"
"SELÇUKLU EMLAKTAN ERENLERDE EŞYALI 4+0 SATILIK DUBLEKS DAİRE","110","4+1","2.300.000 TL","MerkezKöyler"
"DERVİŞPAŞA/DUBLEKS 2+1/ 90M2/ÖN CEPHE/TERASLI","90","2+1","3.500.000 TL","Merkez"
"ALIHSANPAŞADA MAHALLESİN DE SATILIK ULTURA LÜKS 2+1 DAİRE","100","2+1","3.250.000 TL","Merkez"
"NAZMİ SAATÇİ MAHALLESİNDE 3+1 SATILIK DAİRE...","115","3+1","3.390.000 TL","Merkez"
"ORDU BULVARI ESKİ STAD KAVŞAĞI KÖŞE 3+1 ARA KAT DAİRE","130","3+1","3.450.000 TL","Merkez"
"ERKMEN PARK FLORYA KONUTLARI 4+1 DAİRELER","225","4+1","10.250.000 TL","Merkez"
"ARDA UĞUŞ TAN ERKMEN ZAFER KONUTLARINDA SATILIK 4+1 ARAKAT DAİRE","165","4+1","5.250.000 TL","Merkez"
"ŞUHUT YOLUNDA SİTE İÇİNDE LÜX 3+1 SATILIK DAİRELER 05058543900","129","3+1","4.750.000 TL","Merkez"
"ESENTEPE MH. MİGROS YANI TURKUAZ SİTESİN'DE SATILIK 3+1 DAİRE","145","3+1","3.150.000 TL","MerkezHarbiş"
"ORDU BULVARI'NA KOMŞU YENİLENMİŞ GENİŞ LÜKS 4+1 AFJETLİ DAİRE","175","4+1","6.250.000 TL","MerkezDumlupınar"
"ERENLER'DE 2+0 EŞYALI SATILIK DAİRE","60","2+0","1.350.000 TL","MerkezKöyler"
"PLAZA'DAN ESENTEPE MAH.'DE DUBLEKS 2+1 SATILIK FIRSAT DAİRE","105","2+1","2.400.000 TL","MerkezHarbiş"
"2.DUMLUPINAR CADDESİ'NDE 3+1 SATILIK DAİRE","120","3+1","3.190.000 TL","MerkezDumlupınar"
"UZUNLAR EMLAK'TAN EŞYALI 3+0 TERASLI DUBLEX SIFIR DAİRE","115","3+0","3.500.000 TL","Merkez"
"MAREŞAL FEVZİ ÇAKMAK MAH. DE 3+1 SATILIK SIFIR DAİRELER","115","3+1","3.600.000 TL","MerkezHarbiş"
"KARŞIYAKA MAHALLESİNDE 2+1 SATILIK DAİRE","120","2+1","2.250.000 TL","Merkez"
"CUMHURİYET MAHALLESİNDE ARAKAT'TA SATILIK 2+1 DAİRE","100","2+1","1.780.000 TL","Merkez"
"VİZYON EMLAKTAN FATİH MAHALLESİNDE ARAKAT'TA SATILIK 3+1 DAİRE","130","3+1","3.500.000 TL","Merkez"
"MUHTEŞEM LOKASYONLU SİTE İÇERİSİNDE 3+1 ARA KAT SATILIK DAİRE.","120","3+1","2.850.000 TL","Merkez"
"UYDUKENT'İN KALBİ ULTRA LÜKS 1+1 ÖN CEPHE ÜST KAT SATILIK !","55","1+1","2.850.000 TL","Merkez"
"PLAZA'DAN UYDUKENT SELÇUKLU'DA 4+1 SIFIR LÜKS SATILIK DAİRE","160","4+1","6.150.000 TL","Merkez"
"AFYON RAM GAYRİMENKUL'DEN SELÇUKLU MAH. SATILIK 2+1 net(80m2)","88","2+1","4.145.000 TL","Merkez"
"SÜPER MANZARA + KONUMLU 3 CEPHE AFJETLİ SATILIK 3+1 ARAKAT DAİRE","130","2+1","3.650.000 TL","Merkez"
"SAĞLAM EMLAKTAN ATATÜRK CADDESİNDE SATILIK ASANSÖRLÜ DAİRE","125","3+1","2.800.000 TL","Merkez"
"ERA VIP'DEN ERENLER MAH. SATILIK 2+0 DAİRE","55","2+0","1.365.000 TL","MerkezKöyler"
"ARDA UĞUŞ TAN KURTULUŞ CD.SATILIK ARKA CEPHE ASANSÖRLÜ DAİRE","105","3+1","2.200.000 TL","Merkez"
"UYDUKENT ÇEVRE YOLU ÜZERİNDE 5+1 LÜX SATILIK DAİRE..","225","5+1","8.250.000 TL","Merkez"
"ÖZDEM EMLAK 3+1 ARAKAT GÜNEY CEPHE SATILIK DAİRE","115","3+1","3.350.000 TL","Merkez"
"ÖZDEM EMLAK'TAN TÜRK-İŞ BLOKLARINDA SATILIK SIFIR DAİRE","130","3+1","4.650.000 TL","Merkez"
"SAHİPATADA 3+1 ACİL SATİLİK DAİRE","125","3+1","3.050.000 TL","Merkez"
"ÖZÇAKMAK EMLAKTAN CADDE ÜZERİ SATILIK 2+1 YÜKSEK ZEMİN DAİRE","95","3+1","2.220.000 TL","Sandıklı"
"Mareşal Fevzi Çakmak Mahallesi Satılık 3+1 Daire","115","3+1","4.000.000 TL","MerkezHarbiş"
"AFYON BAYLAN EMLAKTAN KANLICA MAH SATILIK 2+1-100m2 DAİRE","100","2+1","2.300.000 TL","Merkez"
"UZUNLAR EMLAK'TAN PAŞA CAMİİ YANINDA 3+1 SİTE İÇİNDE SIFIR DAİRE","137","3+1","7.850.000 TL","Merkez"
"FORBES GAYRİMENKULDEN LÜKS SATILIK DAİRE !!ACİL ACİL!!","140","3+1","4.850.000 TL","Merkez"
"İSTASYON CADDESİ 3+1 DAİRE","140","3+1","3.950.000 TL","Sandıklı"
"LİDERDEN Yıl sonu teslim 128 metrekare sıfır daire","135","3+1","4.000.000 TL","MerkezHarbiş"
"DUMLUPINAR MAHALLESİNDE 3+1","160","3+1","3.600.000 TL","MerkezDumlupınar"
"SAHİBİNDEN MASRAFSIZ ARA KAT TADİLATLI 2+1 DAİRE","100","2+1","2.800.000 TL","Sandıklı"
"ME-KA GROUP'TAN HARBİŞ GAZİ MAHALLESİNDE SATILIK 3+1 DAİRE","120","3+1","2.750.000 TL","MerkezHarbiş"
"MİLLET BAHÇESİNE YAKIN SATILIK DAİRE","155","3.5+1","4.050.000 TL","Sandıklı"
"AFYON MERKEZ FATİH MAHALLESİNDE 3+1 SATILIK FIRSAT DAİRE","110","3.5+1","3.125.000 TL","Merkez"
"Açık Otopark Acil! 4+1 Yok Konut Merkezi Konum Geniş","230","4+1","4.000.000 TL","Merkez"
"EŞREFPAŞADA SAHİBİNDEN SATILIK DAİRE","115","3+1","3.450.000 TL","MerkezEşrefpaşa"
"1. BOLOVA KONUTLARINDA SATILIK DAİRE","90","2+1","2.050.000 TL","Bolvadin"
"VEZİRDEN DUBLEKS 5+1 ATAKÖYDE","230","4+1","6.300.000 TL","MerkezHarbiş"
"Fatih Mh.'de Satılık, 3+1, Doğalgazlı, Sıfır Daireler","110","3+1","3.300.000 TL","Merkez"
"AFYON İMZA EMLAKTAN 3+1 160M2","168","3+1","4.000.000 TL","Merkez"
"AFYONUN EN PRESTİJLİ BÖLGESİ UYDUKENTTE 2+1 VE 3+1 DAİRELER!","125","3+1","4.850.000 TL","Merkez"
"MAREŞAL FEVZİ ÇAKMAK MAH.ANKASTRELİ DOĞALGAZLI 3+1 SATILIK DAİR","140","3+1","2.350.000 TL","MerkezHarbiş"
"AZAK EMLAK'TAN CUMHURİYET MAHALLESİNDE SATILIK DAİRE","110","3+1","2.300.000 TL","Merkez"
"GAZİ MAH.DE 4+1 SIFIR LÜX DAİRE OTOPARK KİLER GÜNEY CEPHE","150","4+1","5.400.000 TL","MerkezHarbiş"
"SALİM GRP EMLAKTAN ESENTEPE MH 3+1 SATILIK","145","3+1","3.850.000 TL","MerkezHarbiş"
"BAĞLARBAŞI MAHALLESİNDE BİRDANE OKULU YANINDA 3+1 DAİRE","120","3+1","2.250.000 TL","Bolvadin"
"03 EGEME EMLAK DUMLUPINAR MAH SATILIK ARA KAT 3+1 DAİRE","140","3+1","4.700.000 TL","MerkezDumlupınar"
"BULVAR ÜZERİNDE SATILIK 3+1 DOĞALGAZLI ÖN CEPHE DAİRE","110","3+1","5.250.000 TL","MerkezHarbiş"
"ÇINAR EMLAKTAN ECE MAHALLESİNDE SATILIK 2+1 SIFIR DAİRE","75","2+1","3.650.000 TL","Sandıklı"
"ÇINAR EMLAKTAN ÇAKIR MAHALLESİ ATATÜRK CADDESİNDE SATILIK 4+1","170","4+1","5.350.000 TL","Sandıklı"
"ERENLERDE ÜNİVERSİTE GİRİŞİNDE 15.000tl KİRACILI 2+0 LÜKS DAİRE","60","2+0","1.700.000 TL","MerkezKöyler"
"''URAZLAR''dan PARKAFYON KAPALI PAZAR YÜRÜYÜŞ MESAFE 3+1 ARAKAT","145","3+1","3.250.000 TL","Merkez"
"AFYON RAM GAYRİMENKUL'DEN BOLVADİN YENİCE MAH.DE SATILIK (4+1)","145","4+1","3.715.000 TL","Bolvadin"
"''URAZLAR''dan YENİ AÇILAN ALIŞVERİŞ MERKEZİ KARŞISINDA","44","1+1","1.250.000 TL","MerkezKöyler"
"SAHİPATA TOKİLER DE 2+1 GENİŞ DAİRE","100","2+1","2.350.000 TL","Merkez"
"Yok Fiyat Düştü! Hastalık Sebebiyle Acil! Var 3+1 Konut","110","3+1","4.850.000 TL","Merkez"
"SELÇUKLU SİTE İÇERİSİNDE 3+1 BAKIMLI SATILIK DAİRE","110","3+1","2.825.000 TL","Merkez"
"YEŞİLYOLDA MERKEZİ DOĞALGAZLI SATILIK GENİŞ 2+1 DAİRE","105","2+1","4.350.000 TL","MerkezDumlupınar"
"ÖRNEKEVLER TEK DAİRE PARASINA İKİ DAİRE SATILIK BAKIMLI MÜLK","230","3+1","4.450.000 TL","Merkez"
"*AS Group Emlak* Uydukent Zafer Sitesi. Manzalı Geniş 2+1","130","2+1","3.600.000 TL","Merkez"
"AFYON MERKEZ VEYSEL KARANİ MAHALLESİ SATILIK 3+1 DAİRE","120","3+1","3.230.000 TL","Merkez"
"SAHİBİNDEN SATILIK 3+1 BAKIMLI DAİRE","135","3+1","3.055.000 TL","Merkez"
"(2 ADET 2+0 ) SAHİNİNDEN DAİRE ACİL SATILIK açıklamayı okuyalım.","58","2+0","1.120.000 TL","MerkezKöyler"
"SAHİBİNDEN ÖRNEK EVLERDE ASANSÖRLÜ 3+1 DAİRE","125","3+1","2.425.000 TL","Merkez"
"AFYON MERKEZ DUMLUPINAR MAHALLESİ AFJETLİ SATILIK 3+1 DAİRE","130","3+1","2.250.000 TL","MerkezDumlupınar"
"VEZİRDEN ERENLERDE SATILIK SIFIR DAİRE","55","2+0","1.550.000 TL","MerkezKöyler"
"DIALOG NOVA'DAN ŞEHİR MERKEZİNDE 1+1 EŞYALI DAİRE","50","1+1","2.150.000 TL","Merkez"
"YAP-AR EMLAKDAN KOCATEPE MAH. SATILIK BAKIMLI MASRAFSIZ 2+1","110","2+1","2.900.000 TL","Merkez"
"AFYON BAYLAN EMLAKTAN CUMHURİYET MAHALLESİNDE SATILIK 3+1 DAİRE","120","3+1","2.650.000 TL","Merkez"
"ERENLER'DE SATILIK 2+0 KOMBİLİ EŞYALI ARA KAT ÖN CEPHE DAİRE","65","2+0","1.250.000 TL","MerkezKöyler"
"CEZAEVİ KARŞISI GENİŞ, TERASLI, SATILIK 3+1","120","3+1","3.500.000 TL","Merkez"
"MİLSAPARK RESİDENCE' DA SAHİBİNDEN ACİL SATILIK 4+1 DAİRE","200","4+1","5.000.000 TL","Merkez"
"DZ YILMAZ EMLAKTAN CUMHURİYET MAH. SATILIK DAİRE","100","2+1","1.650.000 TL","Merkez"
"️SELÇUKLU EMLAKTAN️DEVLET HASTANESİNE YAKIN️2+1 SATILIK DAİRE","70","2+1","3.500.000 TL","Merkez"
"KANLICA MAHALLESİNDE SATILIK 4+1 DAİRE","165","4+1","4.990.000 TL","Merkez"
"LAVİN'DEN ŞEHİR MERKEZİN'DE AFJETLİ 1+1 SATILIK LÜKS DAİRE","45","1+1","2.550.000 TL","Merkez"
"Acil! Merkezi Konum Doğa Manzaralı Açık Otopark Satılık 2+0 Var","65","2+0","2.990.000 TL","Merkez"
"GELİŞGEN EMLAKTAN KUPON 2+1 SATILIK DAİRE","100","2+1","2.990.000 TL","Merkez"
"DERVİŞPAŞA MH. 4+1 145 M² AFJETLİ GÜZEL KONUMLU DAİRE","160","4+1","4.250.000 TL","Merkez"
"SELÇUKLU MAH 2+1 DAİRE ARA KAT","60","2+1","3.000.000 TL","Merkez"
"MERKEZDE 1+1 55 M² DOĞALGAZLI (AYRI MUTFAK) SUİT DAİRE","60","1+1","2.100.000 TL","Merkez"
"VİZYON EMLAKTAN ERENLERİN MERKEZİNDE DE 1+1 EŞYALI SATILIK DAİRE","41","1+1","1.250.000 TL","MerkezKöyler"
"YAP-AR DAN SADIKBEY TOKİ DE GÜNEY CEPHELİ GENİŞ, KİRACILI 2+1","90","2+1","3.075.000 TL","MerkezÇarşı"
"VİZYON EMLAKTAN CUMHURİYET MH. SATILIK 3+1 BAKIMLI DAİRE!","130","3+1","1.650.000 TL","Merkez"
"BAL EMLAK'TAN KANLICA MAHALLESİNDE SIFIR 2+1 SATILIK DAİRE","80","2+1","2.700.000 TL","MerkezKöyler"
"ARDA UĞUŞ TAN KANLICA MH.SATILIK SIFIR LÜKS DAİRELER","125","3+1","4.350.000 TL","Merkez"
"ESENTEPE MAHALLESİNDE","100","2+1","2.490.000 TL","MerkezHarbiş"
"Selçuklu Mah. NİKO yakını 2+0 eşyalı Daireler","60","2+0","3.400.000 TL","Merkez"
"UZUNLAR EMLAK'TAN ORDU BULVARINDA EŞSİZ FIRSAT DAİRE","130","3+1","3.950.000 TL","MerkezDumlupınar"
"HUZURA VE OKSİJENE DOYACAĞINIZ 3+1 BAHÇELİ EV (VİLLA)","115","3+1","5.100.000 TL","Merkez"
"1+1 havuzlu ön cephe","75","1+1","1.875.000 TL","Dazkırı"
"AFYON ÜÇOK EMLAKTAN MAREŞAL DE SATILIK 4+1 ARAKAT 5 YAŞ DAİRE","155","4+1","4.200.000 TL","MerkezHarbiş"
"UZUNLAR EMLAK'TAN SELÇUKLU MAH. AFJETLİ D.GAZLI OTOPARKLI 3+1","125","3+1","3.650.000 TL","Merkez"
"Afyon Merkez Cumhuriyet Mah eşyalı Satılık 2+1 Daire","75","2+1","3.500.000 TL","Merkez"
"FATİH MAH 2+1 SATILIK DAİRE ARAKAT","96","2+1","2.950.000 TL","Merkez"
"EFA GAYRİMENKUL'DEN GENİŞ 3+1 (157M2) DAİRE","157","3+1","3.800.000 TL","Merkez"
"SIFIR AYARINDA SATILIK DAİRE","130","3+1","3.950.000 TL","Merkez"
"BATTALGAZİ TOKİDE SATILIK 3+1 DAİRE","120","3+1","3.050.000 TL","Merkez"
"ERBAY'DAN ERKMEN TREND 272 DE FIRSAT DAİRE","155","3.5+1","6.525.000 TL","Merkez"
"FORBES GAYRİMENKULDEN SELÇUKLU'DA ULTRA LÜKS SATILIK DAİRE","195","4+1","8.200.000 TL","Merkez"
"FATİHTE İHVAN SİTESİNDE SATİLİK 3+1","120","3+1","2.550.000 TL","Merkez"
"satılık3+0 lüks daire","65","3+0","1.980.000 TL","MerkezKöyler"
"Molleli emlaktan cadde üzeri bakımlı daire kaçmaz fırsat","120","3+1","1.590.000 TL","MerkezHarbiş"
"LOTUS'TAN ATAKÖY MİGROS ARKASI 3+1 125m2 SATILIK DAİRE","130","3+1","3.965.000 TL","MerkezHarbiş"
"LAVİN'DEN KÖŞE CEPHE PARK MANZARALI 1+1 SATILIK SIFIR LÜKS DAİRE","55","1+1","3.800.000 TL","Merkez"
"SAHİBİNDEN,S­ULTANDAĞINDA ÇARŞI MERKEZİ KONUMDA 2+1 SATILIK DAİRE","100","2+1","2.850.000 TL","Sultandağı"
"YAPAR EMLAK'TAN DUMLUPINAR MAHALLESİNDE FIRSAT DAİRE","120","3+1","850.000 TL","MerkezDumlupınar"
"ACİL SATILIK FİYAT SADECE 3 GÜN GEÇERLİ SADIKBEY TOKİ 2+1","88","2+1","2.250.000 TL","MerkezÇarşı"
"KARŞIYAKA MAHALLESİNDE 3+1 SATILIK LÜX DAİRE...!","125","3+1","5.250.000 TL","Merkez"
"Konut 3+1 Açık Otopark Son 3 gün! Doğa Manzaralı Var Emsalsiz Konumda","135","3+1","5.250.000 TL","Merkez"
"YÜKSEL GAYRİMENKUL DEN SATILIK","110","3+1","2.100.000 TL","Merkez"
"İDEAL'DEN KADAİFÇİOĞLU ARKASI EBEVEYN BANYOLU 2+1 SATILIK DAİRE","100","2+1","3.750.000 TL","Merkez"
"AFYON ERENLER'DE 2+1 LÜKS KAT MÜLKİYETLİ SATILIK DAİRE","65","2+1","1.850.000 TL","MerkezKöyler"
"GÜVENEVLER'DE SATILIK 3+1, DOĞALGAZLI, LÜKS DAİRE","135","3+1","3.750.000 TL","Merkez"
"AFYON BAYLAN EMLAK'TAN FATİH MAHALLESİNDE SATILIK LÜKS 3+1 DAİRE","110","3+1","3.100.000 TL","Merkez"
"CENTURY 21 PLUS FIRSAT DERVİŞPAŞA MAH. 2+0 AYRI MUTFAK SATILIK","55","1+1","2.625.000 TL","Merkez"
"MIR'DEN ATAKÖY MİGROS YANINDA 2+0 SATILIK DAİRE","50","2+0","2.550.000 TL","MerkezHarbiş"
"DUMAN EMLAK'TAN ZAFER MAH. 3+1 SATILIK DAİRE","110","3+1","2.400.000 TL","MerkezHarbiş"
"DOĞA EMLAKTAN HATTAT KARAHİSAR MAHALLESİNDE SATILIK DAİRE","135","3+1","2.850.000 TL","Merkez"
"CUMHURİYET MAHALLESİ KADINANA CAD. 3+1 SATILIK DAİRE","115","3+1","2.500.000 TL","Merkez"
"ÇINAR EMLAKTAN ECE MAHALLESİNDE SATILIK SIFIR 3+1 DAİRE","110","3+1","4.650.000 TL","Sandıklı"
"VEZİRDEN CUMHURİYET MAH. SATILIK 5+1 DUBLEX","230","5+1","3.950.000 TL","Merkez"
"AFYON İMZA EMLAKTAN SAHİPATA MH 2+1","76","2+1","2.200.000 TL","Merkez"
"SELÇUKLU MAH. HARİKA KONUMLU SİTE İÇERİSİNDE SATILIK 2+1 DAİRE","108","2+1","2.700.000 TL","Merkez"
"CUMHURİYET MH'DE MUHTEŞEM KONUMLU EŞYALI FIRSAT 1+1 SUİT DAİRE!","56","1+1","1.740.000 TL","Merkez"
"MERDİVENCİDEN CUMHURİYETTE 4+1 DUBLEX DAİRE","280","4+1","7.500.000 TL","Merkez"
"YAP-AR'DAN OSMANGAZİ MAH. SIFIR 3+1 SATILIK DAİRE","105","3+1","2.800.000 TL","Merkez"
"DAMLA'DAN DOĞAN SİTESİ, 3.KAT, 3+1 (110 M2) DOĞALGAZLI, DAİRE","120","2+1","2.590.000 TL","Merkez"
"DAMLA'DAN PANORAMA RESİDENCE, 12.KAT, 5+1 (210 M2) DELÜKS, DAİRE","230","5+1","7.950.000 TL","Merkez"
"Erkmen nefeste sıfır lüks 4+1 dubleks daire","250","4+1","5.700.000 TL","Merkez"
"KANLICA MAHALLESİNDE SATILIK 3+1 SATILIK DAİRE","120","3+1","2.550.000 TL","Merkez"
"İscehisar TOKİ Kira & Satılık EN İYİ CEPHE:GD açklama okuyunz","85","2+1","1.840.000 TL","İscehisar"
"SALİM EMLAKTAN KANLICA MAH. SATILIK 2+1 DAİRE","95","2+1","2.400.000 TL","Merkez"
"Sahibinden satılık sıfır daire","55","Stüdyo (1+0)","2.250.000 TL","Merkez"
"AFYON RAM GAYRİMENKUL'DEN MARULCU MAH. ANBARYOLU SATILIK 3+1","105","3+1","3.175.000 TL","Merkez"
"ARDA UĞUŞ TAN DUMLUPINAR MH.SATILIK BAKIMLI MASRAFSIZ DAİRE","100","2+1","3.050.000 TL","MerkezDumlupınar"
"ARDA UĞUŞ TAN MARULCU MH.SATILIK DAİRE","140","4+1","2.150.000 TL","Merkez"
"Var 3+1 Sahibinden Fiyat Düştü! Açık Otopark Konut Merkeze 5 dk Uzaklıkta","105","3+1","1.740.000 TL","Merkez"
"MERKEZİ KONUM YATIRIMLIK DAİRE","55","1+1","2.750.000 TL","Merkez"
"SELÇUKLU MAH.'DE SİTE İÇİ-OTOPARKLI-MESKEN TAPULU-BAHÇE KATI 3+1","126","3+1","2.800.000 TL","Merkez"
"KOÇOĞLUNDAN SELÇUKLU V.EREOĞLU PARKI KARŞISI 2+0 SATILIK DAİRE","75","2+0","3.550.000 TL","Merkez"
"KOÇOĞLUNDAN KOMPLE YEŞİLYOL MANZARALI 3+1 SATILIK DAİRE","117","3+1","4.550.000 TL","Merkez"
"SAHİBİNDEN BAŞARI SİTESİNDE SATILIK 3+1 DAİRE","120","3+1","2.675.000 TL","Merkez"
"ASKERİ FABRİKA YANINDA KAT SEÇENEKLİ SIFIR-1.KAT G-B CEPHE 3+1","115","3+1","3.850.000 TL","Merkez"
"SALİM GRP EMLAKTAN YENİCEDE TEK TAPUDA İKİ DAİRE","130","3+1","4.250.000 TL","Merkez"
"Satılık Açık Otopark Var Son 3 gün! Doğa Manzaralı 3+1 Çok Uygun","125","3+1","4.250.000 TL","MerkezÇarşı"
"ÇETİNKAYA TOKİ SATILIK 2+1 ZEMİNKAT","90","2+1","2.150.000 TL","Merkez"
"AFYON ÜÇOK EMLAKTAN KANLICA MAH SATILIK SIFIR TEMELDEN DAİRELER","85","2+1","3.250.000 TL","Merkez"
"FATİH MAHALLESİNDE 3+1 ARAKAT","125","3+1","3.340.000 TL","Merkez"
"DERVİŞ PAŞA MAHALLESİNDE YATIRIMLIK","90","2+1","1.590.000 TL","Merkez"
"GLOBAL'DEN KOCAŞABAN İLKOKUL YANI 2+0 FULL EŞYALI SIFIR DAİRELER","65","2+0","3.450.000 TL","Merkez"
"AFYONKARAHİSAR MERKEZ 1+1 EŞYALI DAİRE KARŞILIĞI ARSA HİSSESİ...","48","1+1","1.300.000 TL","Merkez"
"SANAT'TAN SIFIR AYARINDA LÜKS 3+1 DAİRE 133 M²","145","3+1","5.100.000 TL","Sandıklı"
"ZAFER MAHALLESİNDE ESKİ MÜZE ARKASINDA 3+1 SATILIK SIFIR DAİRE","125","3+1","4.250.000 TL","MerkezHarbiş"
"AFYON BAYLAN EMLAKTAN DUMLUPINAR MAH.SATILIK 3+1 LÜKS DAİRE","125","3+1","4.250.000 TL","MerkezDumlupınar"
"ORNEKEVLERDE SİTE İCİNDE ANA CADDE ÜSTÜ SATILIK 3+1","115","3+1","2.950.000 TL","Merkez"
"MAREŞALDE BAYRAKTEPE CAMİİ'NE YAKIN 3+1 SIFIR DAİRELER","105","3+1","3.600.000 TL","MerkezHarbiş"
"UZUNLAR EMLAK'TAN 4+1 140 M2 NET AFJETLİ MANZARALI DAİRE","160","4+1","6.750.000 TL","Merkez"
"AFM EMLAK'TAN CUMHURİYET MAH. 3+1 SATILIK DAİRE","115","3+1","2.950.000 TL","Merkez"
"CUMHURİYET MAHALLESİNDE SATILIK 3+1 DAİRE","120","3+1","2.900.000 TL","Merkez"
"MAREŞAL FEVZİ ÇAKMAK MAH. 2+1 SATILIK / OTURUMA HAZIR","78","2+1","3.250.000 TL","MerkezHarbiş"
"ÖZTÜRK EMLAK'TAN CUMHURİYET MH'DE MASRAFSIZ BAKIMLI ARAKAT 2+1","95","2+1","2.000.000 TL","Merkez"
"AYAZ GAYRİMENKULDEN İNAZ DEPREM EVLERİNDE SATILIK 2+1 DAİRE","110","2+1","1.170.000 TL","MerkezÇarşı"
"SAHİPATA EMLAKTAN DUMLUPINAR MAHALLESİNDE SATILIK DAİRE","100","2+1","1.550.000 TL","MerkezDumlupınar"
"SAHİPATA EMLAKTAN DUMLUPINAR MAHALLESİNDE SATILIK DAİRE","100","2+1","1.550.000 TL","MerkezDumlupınar"
"Halk Bankası'ndan Afyonkarahisar Merkez Satılık Konut","95","3+1","2.420.000 TL","Merkez"
"AYAZ GAYRİMENKULDEN CUMHURİYET MAH MESKEN TAPULU 2+1 BAHÇE KATI","110","2+1","1.200.000 TL","Merkez"
"ÇAMLIK SİTESİ 3+1 DAİRE","145","3+1","2.850.000 TL","Dazkırı"
"MERKEZİ KONUMDA KAÇIRILMAYACAK FIRSAT DAİRE","320","4+1","6.850.000 TL","MerkezDumlupınar"
"KARACALAR YOLU DOĞALGAZLI ULTRA LÜX 3+1 SIFIR DAİRE","155","3+1","4.600.000 TL","Emirdağ"
"DZ YILMAZ EMLAKTAN MAREŞAL FEVZİ ÇAKMAK MAH.SATILIK DAİRE! KUPON","155","4+1","4.300.000 TL","MerkezHarbiş"
"DZ YILMAZ EMLAKTAN KOCATEPE MAH.SATILIK ARA KAT DAİRE","125","3+1","3.250.000 TL","Merkez"
"AZAK EMLAK'TAN EN GÖZDE LOKASYONDA SATILIK 2+1 DAİRE","80","2+1","4.450.000 TL","Merkez"
"AFYON ÖZSU EMLAK'TAN SATILIK EŞYALI 2+1 DAİRE","75","2+1","4.350.000 TL","Merkez"
"DAMLA'DAN YEŞİLYOL, 6.KAT 5+1 (180 M2) DUBLEKS AFJETLİ&ASANSÖRLÜ","200","5+1","5.300.000 TL","MerkezDumlupınar"
"KUMARTAŞ(Erenler) SATILIK - Krediye Uygun -APART DAİRELER","54","2+0","1.450.000 TL","MerkezKöyler"
"03 EGEM EMLAK M.F.Ç DE ŞUHUT KAVŞ 4+1 SATILIK LÜX DAİRE","165","4+1","4.800.000 TL","MerkezHarbiş"
"03 EGEM EMLAK UYDUKENT SELÇUKLU MAH SATILIK AYRI MUTFAKLI 2+1","95","2+1","4.100.000 TL","Merkez"
"AFYON ÜÇOK EMLAKTAN CUMHURİYET MAH FUL YAPILI 3+1 DAİRE FIRSAT","120","3+1","3.100.000 TL","Merkez"
"AFYON ÜÇOK EMLAKTAN EŞREFPAŞA MAH SATILIK 2+1 4 YAŞ DAİRE","85","2+1","2.650.000 TL","MerkezEşrefpaşa"
"FİLLİ KAVŞAKTA 1+1FULL EŞYALI FIRSAT SATILIK DAİRE","55","1+1","2.500.000 TL","Merkez"
"Sahibinden satılık ACİL","130","3+1","3.500.000 TL","Merkez"
"HAYALİMDEN inaz deprem evlerinde","115","2+1","1.350.000 TL","MerkezÇarşı"
"AFYON MERKEZ İSTİKLAL MAHALLESİNDE SATILIK 3+1 BAHÇE KATI","115","3+1","2.000.000 TL","Merkez"
"YAMAN EMLAK OFİSİ'NDEN SATILIK 2+1 KREDİYE UYGUN SIFIR DAİRE","100","2+1","3.395.000 TL","Merkez"
"RE/MAX SİSTEM'DEN SEVGİ YOLUNDA GENİŞ 3+1 AFJETLİ SATILIK DAİRE","150","3+1","2.650.000 TL","MerkezDumlupınar"
"SAĞLAM EMLAKTAN AMBARYOLUNDA SATILIK BODRUM BAHÇE KATI","105","2+1","1.100.000 TL","Merkez"
"Emirdağ Çarşı Merkezde Muhteşem Konumlu 4+1 Satılık Daire","190","4+1","2.350.000 TL","Emirdağ"
"5+1 Dubleks daire","270","5+1","4.750.000 TL","Merkez"
"GÜMÜŞKENT SATILIK 3+1 SIFIR LÜX DAİRELER","100","3+1","3.200.000 TL","Merkez"
"Erenlerde veterinerlik fakültesinin karşısı 2+0 eşyalı","45","2+0","1.200.000 TL","MerkezKöyler"
"FORBES GAYRİMENKUL'DEN ZAFER KONUTLARINDA 4+1 SATILIK DAİRE","165","4+1","5.250.000 TL","Merkez"
"EŞREFPAŞADA SAHİBİNDEN SATILIK DAİRE","110","3+1","3.300.000 TL","MerkezEşrefpaşa"
"DUMLUPINAR MAH 3+1 SATILIK DAİRE, AFJETLİ (125 m2)","150","3+1","3.300.000 TL","MerkezDumlupınar"
"Fiyat Düştü! Var Kaçırılmayacak Fırsat! Çok Uygun Satılık Açık Otopark 2+1","68","2+1","3.200.000 TL","Merkez"
"CUMHURİYET MAHALLESİNDE 2+0 SATILIK DAİRE VE DÜKKAN 05058543900","75","2+0","3.000.000 TL","Merkez"
"KANLICA TOKILERDE 2+1 EBEVEYN BANYOLU DAIRE SATILIKTIR","85","2+1","2.550.000 TL","Merkez"
"SAĞLAM EMLAKTAN SELÇUKLUDA SATILIK LÜKS DAİRE","100","2+1","4.600.000 TL","Merkez"
"GELİŞGEN EMLAKTAN SATILIK 3+1 AFJETLİ DAİRE","150","3+1","2.900.000 TL","MerkezDumlupınar"
"03 EGEM EMLAK DUMLUPINAR MAH KİRACILI SATILIK FIRSAT 3+1 DAİRE","115","3+1","3.800.000 TL","MerkezDumlupınar"
"Sahibinden satılık daire","70","2+1","2.600.000 TL","Merkez"
"GÜVENEVLER MH.'DE SATILIK, 2+1, DOĞALGAZLI, GENİŞ DAİRE","98","2+1","2.750.000 TL","Merkez"
"DUMAN EMLAK'TAN ERENLER 2+0 ÇOK İYİ KONUM FIRSAT SATILIK DAİRE","60","2+0","1.400.000 TL","MerkezKöyler"
"TURAN EMLAK'TAN ERENLER MH. 45 M2 TERASLI 2+1 SATILIK DAİRE","110","2+1","1.710.000 TL","MerkezKöyler"
"MG EMLAKTAN MUHTEŞEM KONUMDA SATILIK 2+1 FULL ESYALI DAİRE","68","2+1","3.800.000 TL","Merkez"
"Ambaryolu Dumlupınar mah.arakat afjetli ve asansörlü satılık","110","2+1","2.200.000 TL","MerkezDumlupınar"
"ESENTEPE MAHALLESİNDE 3+1 SATILIK FIRSAT DAİRE..!","115","3+1","2.690.000 TL","MerkezHarbiş"
"AFYON ÜÇOK EMLAKTAN ESENTEPE MAH 3+1 1 KAT FIRSAT DAİRE","105","3+1","2.400.000 TL","MerkezHarbiş"
"AFYON MERKEZ HARBİŞ KOCATEPE MAHALLESİ'NDE 3+1 SATILIK DAİRE","110","3+1","2.050.000 TL","Merkez"
"AFYON BAYLAN EMLAKTAN KANLICA MAH.SATILIK SIFIR 3+1 DAİRE","115","3+1","4.100.000 TL","Merkez"
"YEŞİLYOLDA YENİ BİNA SATILIK 130 M² GENİŞ 3+1 DAİRE","140","3+1","4.950.000 TL","Merkez"
"Sahibinden Satılık Daire","120","3+1","3.650.000 TL","Merkez"
"Sahibinden Müthiş Konumda 3+1 165 m² Daire","175","3+1","4.000.000 TL","Merkez"
"SAHİBİNDEN! SATILIK GENİŞ 3+1 DAİRE ECE MAH.","165","3+1","3.750.000 TL","Sandıklı"
"Esentepe Satılık 3+1 Geniş Daire","150","3+1","2.975.000 TL","MerkezHarbiş"
"AKBULUT İNŞAAT 6 Projesi 3+1 120m2 Balkonlu Satılık Daire","115","3+1","3.500.000 TL","Sandıklı"
"PREMIUM'dan YEŞİLYOL DUMLUPINAR MAHALLESİNDE SATILIK DAİRE","110","2+1","3.000.000 TL","MerkezDumlupınar"
"SAHİBİNDEN 4+1 FLORA PARK SİTESİ","165","4+1","5.200.000 TL","Merkez"
"UYDUKENTTE SÜPER LÜX 4+1 SATILIK FIRSAT DAİRE","175","4+1","5.400.000 TL","Merkez"
"SEÇKİN EMLAK'TAN YEŞİLYOL KÖŞE KONUMLU ARA KAT 3+1 SATILIK DAİRE","115","3+1","2.490.000 TL","Merkez"
"ERENLER SEVGİ YOLUNDA YÜKSEK KİRA GETİRİLİ 1+1 SIFIR DAİRE","43","1+1","1.500.000 TL","MerkezKöyler"
"KORUBAŞINDA SATILIK LÜX 3+1 145 M2 3+1 SON DAİRELER","155","3+1","4.500.000 TL","Dinar"
"YAMAN EMLAK OFİSİ'NDEN ŞEHRİN GÖBEĞİNDE SATILIK 3+1 ARAKAT DAİRE","115","3+1","3.250.000 TL","Merkez"
"GEZGİN GAYRİMENKUL'DEN CUMHURİYET MAHALLESİ'NDE 3+1 120 M2","125","3+1","2.950.000 TL","Merkez"
"AFYON ÜÇOK EMLAKTAN MAREŞAL DE ARAKAT SIFIR FIRSAT LÜX DAİRE","85","2+1","2.850.000 TL","MerkezHarbiş"
"AFYON ÜÇOK EMLAKTAN MAREŞAL DE ARAKAT SIFIR FIRSAT LÜX DAİRE","85","2+1","2.850.000 TL","MerkezHarbiş"
"CUMHURRİYET MAH KONUM OLARAK ENGÜZEL MEVKİ SIFIR DAAİRE 3 + 1","168","3+1","5.500.000 TL","Merkez"
"KANLICA MAH.3+1 LÜKS SATILIK DAİRE","120","3+1","3.550.000 TL","Merkez"
"AFYON ÜÇOK EMLAKTAN ALİ ÇETİNKAYA MAH SATILIK SIFIR 2+1 DAİRE","80","2+1","4.350.000 TL","Merkez"
"AFYON MERKEZ BURMALI MAHALLESİ SATILIK 2+1 DAİRE","102","2+1","1.650.000 TL","Merkez"
"EFA GAYRİMENKULDEN MEEKEZ CUMHURİYET MAHALLESİNDE SATILIK DAİRE","115","3+1","2.450.000 TL","Merkez"
"EFA GAYRİMENKUL'DEN SATILIK 3+1 DAİRE","125","3+1","2.950.000 TL","MerkezHarbiş"
"Afyonkarahisar Erenler de 1+1 Satılık Fırsat Daire","40","1+1","1.290.000 TL","MerkezKöyler"
"ME-KA GROUP'TAN 3+1 TOPRAKTAN 5.KAT ASANSÖRLÜ","120","3+1","4.250.000 TL","Merkez"
"AFYON BAYLAN EMLAK'TAN FATİH MAH.SATILIK SIFIR LÜKS 3+1 DAİRELER","120","3+1","3.550.000 TL","Merkez"
"SAHİBİNDEN 2+1 DAİRE","94","2+1","2.425.000 TL","Bolvadin"
"MİLSAPARK 1.ETAP GENİŞ FERAH 200 M2 4+1 BOŞ SATILIK LÜKS DAİRE","200","4+1","6.500.000 TL","Merkez"
"AFYON ÜÇOK EMLATAN KANLICA MAH SATILIK 3+1 SIFIR AYARINDA DAİRE","115","3+1","3.700.000 TL","Merkez"
"UZUNLAR EMLAK'TAN ESKİ STAD BÖL.2+1 AFJETLİ OTOPARKL LÜKS DAİRE","80","2+1","4.450.000 TL","Merkez"
"HASTANE KARŞISI KUPON DAİRELER","125","3+1","4.750.000 TL","Sandıklı"
"CUMHURİYET MAHALLESİNDE BAKİMLİ MASRAFSİZ 3+1 DAİRE","145","3+1","2.350.000 TL","Merkez"
"FIYAT DÜŞTÜÜ AFYON IMZA EMLAKTAN ERKMEN MH 2+1","90","2+1","2.590.000 TL","Merkez"
"Hastalık Sebebiyle Sahibinden Yok 3+1 Açık Otopark Merkezi Konum Konut","115","3+1","6.500.000 TL","Merkez"
"LİDER DEN Fatih'te 3 artı 1 ultralüks daire","118","3+1","3.350.000 TL","Merkez"
"UZUNLAR EMLAK'TAN SEÇLUKLU'DA AFJET D.GAZ OTOPARKLI DAİRE","150","4+1","4.600.000 TL","Merkez"
"Fiyat Düştü! Masrafsız Sahipata Toki 2+1 Satılık Fırsat Daire","75","2+1","1.775.000 TL","Merkez"
"Fiyat Düştü! Masrafsız Sahipata Toki 2+1 Satılık Fırsat Daire","75","2+1","1.775.000 TL","Merkez"
"Bolvadin/Konak Mah. Full Eşyalı 2+0 Satılık Daire","60","2+0","1.795.000 TL","Bolvadin"
"FATİH MAH'SİNDE ACİL SATILIK 104 M² 2+1 DAİRE","104","2+1","3.200.000 TL","Merkez"
"SALİM GRP EMLAK - HASAN KARAAĞAÇ MH. 2+0 EŞYALI SATILIK DAİRE","55","2+0","2.150.000 TL","Merkez"
"FORBES GAYRİMENKUL'DEN ŞAHMERDE SATILIK DUBLEKS DAİRE","308","5+1","10.000.000 TL","Merkez"
"ÇARŞI MERKEZDE AFYON LİSESİ ARKASI 4+1","155","4+1","1.400.000 TL","MerkezDumlupınar"
"ÇETİNKAYA TOKİLERDE 3+1 SATILIK GİRİŞ KAT SIFIR DAİRE...!","125","3+1","2.425.000 TL","Merkez"
"KANLICA TOKİ KÖŞE ARAKAT ASANSÖRLÜ 2+1 DAİRE","97","2+1","2.820.000 TL","Merkez"
"UZUNLAR EMLAK'TAN 3+1 115 m2 SIFIR ARAÇ TAKASLI FIRSAT DAİRE","115","3+1","3.450.000 TL","MerkezHarbiş"
"HOCA AHMET YESEVİ MAH 3+1 LUKS SATILIK SIFIR DAİRE","130","3+1","3.980.000 TL","Merkez"
"AFYON RAM GAYRİMENKUL'DEN ANKARA YOLU ÜZERİ DUBLEKS DAİRE","200","4+1","4.675.000 TL","Merkez"
"ERENLERİN EN UYGUN 2+0 YÜKSEK KİRA GETİRİLİ FIRSAT DAİRESİ","55","2+0","1.350.000 TL","MerkezKöyler"
"DUBLEX/TERAS/HAMAM/S­AUNA/JAKUZİ/AFJETLİ/","320","6+1","8.750.000 TL","Merkez"
"YAP-AR'DAN SAHİPATADA BODRUM +2 KAT SATILIK BAHÇELİ KOMPLE BİNA","115","3+1","5.135.000 TL","Merkez"
"DUMLUPINAR DA SATILIK DAİRE","100","2+1","1.900.000 TL","MerkezDumlupınar"
"Erenlerde 103 m2 3+1 DUBLEKS DAİRE","103","3+1","1.650.000 TL","MerkezKöyler"
"Yüksek Giriş Sahibinden 2+0 Kaçırılmayacak Fırsat! Satılık Yok Mükemmel Ötesi","60","2+0","1.400.000 TL","MerkezKöyler"
"3S'TEN CUMHURİYET AMBAR YOLU ÜZERİNDE 3 ADET SATILIK 3+1 DAİRE","130","3+1","2.350.000 TL","Merkez"
"ESKİ STADYUM BÖLGESİNDE ULTRA LÜX 2+1 DAİRELER","70","2+1","4.200.000 TL","Merkez"
"AFYON İSCEHİSARDA SATILIK 2+1 DAİRE","85","2+1","1.900.000 TL","İscehisar"
"AFYON MERKEZ ZAFER MAHALLESİNDE SATILIK 3+1 FIRSAT DAİRE","105","3+1","3.975.000 TL","MerkezHarbiş"
"AFYON İMZA EMLAKTAN ZAFER MH","125","3+1","2.500.000 TL","MerkezHarbiş"
"AFYON MERKEZ DUMLUPINAR MAHALLESİNDE AFJETLİ SATILIK 3+1 DAİRE","120","3+1","2.650.000 TL","MerkezDumlupınar"
"ANS Kampüs Manzaralı Yatırımlık, Krediye Uygun 2+0","50","2+0","1.425.000 TL","MerkezKöyler"
"'NARUM'dan MALİYE KRŞ. BALKONLU KİLERLİ AFJETLİ 3+1 BAHÇE KATI","125","3+1","1.800.000 TL","Merkez"
"ERENLERİN MERKEZİNDE 2+1 FIRSAT SATILIK DAİRE","58","2+1","1.550.000 TL","MerkezKöyler"
"Güney Cepheli Ferah Geniş Dublex Daire","290","5+2","6.150.000 TL","Sandıklı"
"LİDER den ana cadde konumlu ultra lüks 2+1 ve3+1 daireler","90","2+1","3.900.000 TL","MerkezHarbiş"
"Dumlupınar'da 3+1 Satılık Daire","130","3+1","3.200.000 TL","MerkezDumlupınar"
"ŞİRİNEVLERDE KOMPLE BİNA KAT MÜLKİYETLİ 4 ADET DAİRE SATILIK","130","3+1","3.200.000 TL","Sandıklı"
"HASTANE CİVARI DUBLEX 260 m2","280","6+1","6.200.000 TL","Sandıklı"
"MASAL KONAKLARI Projesi 3+1 110m2 Balkonlu Satılık Daire","110","3+1","3.800.000 TL","Merkez"
"2+1 satılık Daire TOKİ Huzurkent Sitesi Kiracılı","90","2+1","2.290.000 TL","Merkez"
"SIFIR 1+1 DOĞALGAZLI DAİRELER AFYON SANDIKLIDA","65","1+1","1.975.000 TL","Sandıklı"
"GELİŞGEN EMLAKTAN ULTRA LÜKS SATILIK 5+1 DAİRE","270","5+1","11.200.000 TL","Merkez"
"BİLGE EMLAK'TAN HOCA AHMET YESEVİ MAHALLESİ 2+1 SATILIK DAİRE","105","2+1","2.150.000 TL","Merkez"
"KARTAL GAYRİMENKUL'DEN LÜX 3+1 SİTE İÇERİSİNDE TAKASLI","120","3+1","3.300.000 TL","Merkez"
"AFYON-ANKARA YOLU ÜZERİ AÇIK OTOPARK G-D CEPHE ANKASTRE LÜKS 3+1","120","3+1","3.175.000 TL","Merkez"
"sahibinden satılık eşyalı 2+0 daire","45","2+0","1.450.000 TL","MerkezKöyler"
"ATILIM EMLAK'tan DUMLUPINAR MAH..2+1 AFJET'li","95","2+1","2.950.000 TL","MerkezDumlupınar"
"FATİH MAHALLESİN DE SATILIK LÜKS VE GENİŞ 2+1 DAİRE","95","2+1","3.600.000 TL","Merkez"
"Şehitler Caddesi Fen Lisesi Karşısı (3+1) 140m2 Hazır Daire","140","3+1","4.200.000 TL","Bolvadin"
"ZAFER MAHALLESİNDE MÜZENİN ARKASINDA SATILIK 130 M2 GENİŞLİĞİNDE","140","3+1","2.650.000 TL","MerkezHarbiş"
"bu fiyata 3+1 yok","127","3+1","1.250.000 TL","Merkez"
"AKSU İNŞAATTAN FATİH MAH SATILIK 3+1 DAİRE","125","3+1","4.000.000 TL","Merkez"
"ALTINYILDIZ EMLAKTAN SATILIK 3+1 BAKIMLI DAİRE","120","3+1","3.500.000 TL","Merkez"
"ALTINYILDIZ EMLAKTAN ERKMEN CUMHURİYETTE ANAYOLDA SATILIK DAİRE","95","2+1","4.000.000 TL","Merkez"
"YAPAR EMLAK'TAN GÜVENEVLER'DE SATILIK EŞYALI 1+1 LÜKS DAİRE","63","1+1","2.450.000 TL","Merkez"
"ERENLER'DE SATILIK 2+0 LÜX SIFIR DAİRE EŞYASIZ (TAKASA UYGUN)","50","2+0","1.375.000 TL","MerkezKöyler"
"AFM EMLAK'TAN KANLICA MAHALLESİNDE'SİNDE 3+1 SATILIK DAİRE","130","3+1","3.400.000 TL","Merkez"
"Otogar Karşısı Kocatepe Konutları 4+1 İçi Yapılı Daire","184","4+1","4.200.000 TL","MerkezÇarşı"
"*ESENTEPE'DE ADLİYEYE YÜRÜME MESAFELİ 4+1 SATILIK DAİRE*","140","4+1","4.250.000 TL","MerkezHarbiş"
"KANLICA MAHALLESİN DE 3+1 ULTRA LÜKS DAİRELER","130","3+1","4.300.000 TL","Merkez"
"BÖYLE GENİŞLİKTE 3+1 DAİRE BÖYLE BİR FİYATA","165","3+1","3.150.000 TL","Dinar"
"Yörükoğlu emlaktan güvenevlerde full lüks satılık daire","130","3+1","3.250.000 TL","Merkez"
"Yörükoğlu emlaktan kurtuluş caddesi satılık daire","145","3+1","2.650.000 TL","Merkez"
"Fatih mahallesi 3+1 satlık ara kat daire","125","3+1","5.500.000 TL","Merkez"
"KOCATEPE İÖO OKULU ÇAPRAZI 3+1 ARAKAT YENİLENMİŞ SATILIK DAİRE","130","3+1","3.190.000 TL","Merkez"
"Afyonkarahisar sadıkbey toki evleri satılık daire","95","2+1","2.450.000 TL","MerkezÇarşı"
"AKTİF EMLAK'TAN CUMURİYET MAH SATILIK 3+1 ASANSÖRLÜ 140M2 DAİRE","150","3+1","3.250.000 TL","Merkez"
"AFYON BAYLAN EMLAK'TAN YEŞİLYOL ÜZERİ SATILIK DAİRE BÜRO OFİS","110","2+1","3.600.000 TL","Merkez"
"ESENTEPE MAHALLESİNDE SATILIK 3+1 DAİRE","115","3+1","2.500.000 TL","MerkezHarbiş"
"AZAK EMLAK'TAN ÇETİNGÜL PRİME DA SATILIK 4+1 SIFIR","160","4+1","8.500.000 TL","Merkez"
"ÇARŞI MERKEZDE FULL YAPILI SATILIK 2+1 AFET EVİ","85","2+1","2.300.000 TL","Dinar"
"GAZİ MAH.SATILIK TERASLI 4+1 FERAH FIRSAT DUBLEKS DAİRE","145","4+1","3.700.000 TL","MerkezHarbiş"
"DERVİŞPAŞA MAHALLESİNDE 3+1 ARA KAT SATILIK DAİRE","110","3+1","2.350.000 TL","Merkez"
"Dumlupınar mah Medrese kitap evi karşısı Asansörlü Satılık Daire","120","3+1","2.650.000 TL","MerkezDumlupınar"
"GÜL EML ÜNİVERSİTE YOLUNDA 2+1 FULL EŞYALI DAİRE","90","2+1","3.050.000 TL","Merkez"
"Merkeze 5 dk Uzaklıkta Son 3 gün! 4+1 Açık & Kapalı Otopark Daire Var Lüx","160","4+1","3.700.000 TL","Merkez"
"AFYON ÜÇOK EMLAKTAN KANLICA MAH SATILIK SIFIR LÜX 2+1 DAİRELER","95","2+1","3.000.000 TL","Merkez"
"GÜL EML 4+1 ARAKAT SIFIR DAİRE","170","4+1","4.450.000 TL","MerkezÇarşı"
"GÜL EML CUMHURİYET MAH. 3+1 ARAKAT DAİRE","130","3+1","2.850.000 TL","Merkez"
"PINAR LİFE SİTESİ'NDE YOL CEPHELİ ARAKAT KÖŞE DAİRE","130","3+1","4.550.000 TL","Merkez"
"GÜL EML DUMLUPINARDA 3+1 AFJETLİ ARAKAT DAİRE","120","3+1","4.200.000 TL","MerkezDumlupınar"
"GÜL EML GAZİ MAH. 3+1 BAKIMLI DAİRE","135","3+1","2.800.000 TL","MerkezHarbiş"
"GÜL EML ALİ ÇETİNKAYA MAH. 4+1 LÜX ARAKAT DAİRE","180","4+1","8.500.000 TL","Merkez"
"GÜL EML GAZLIGÖL CADDESİNDE 4+1 ARAKAT DAİRE","180","4+1","4.650.000 TL","Merkez"
"GÜL EML KURTULUŞ CADDESİ ÜZERİ 3+1 ARAKAT DAİRE","125","3+1","2.450.000 TL","Merkez"
"GÜL EML 3+1 ARAKAT ASANSÖRLÜ ANA CADDE ÜZERİ SATILIK DAİRE","130","3+1","3.950.000 TL","Merkez"
"GÜL EML EGEKENT SİTESİNDE SIFIR 4+1 ARAKAT DAİRE","170","4+1","7.500.000 TL","Merkez"
"İLK EVİM KREDİSİNE UYGUN ALİ İHSANPAŞADA SATILIK SIFIR LÜX DAİRE","110","3+1","3.648.000 TL","Merkez"
"FATİH'DE;2+1,80 M2,SIFIR DAİRE","91","2+1","3.500.000 TL","Merkez"
"İNCİ DEN MAREŞALDE SİTE İÇERİSİNDE ARAKAT 3+1 SATILIK DAİRE","120","3+1","2.250.000 TL","MerkezHarbiş"
"ALİ İHSAN PAŞA SİTE İÇİ KAPALI OTOPARK KİRACILI 2+1 DAİRE","100","2+1","3.399.999 TL","Merkez"
"AFYON ERENLER'DE GENİŞ BALKONLU SATILIK SIFIR FULLL EŞYALI DAİRE","60","2+0","1.600.000 TL","MerkezKöyler"
"AFYON'UN EN İŞLEK CADDESİNDE YEŞİLYOLDA 3+1 FIRSAT SATILIK DAİRE","170","3+1","5.600.000 TL","MerkezDumlupınar"
"GLOBAL'DEN ESKİ STAD BÖL. 2+1 ÖN CEPHE 85 m² SATILIK DAİRELER","85","2+1","4.100.000 TL","Merkez"
"BELEDIYE KONUTLARINDA 3+1 DAİRE","120","3+1","3.400.000 TL","Şuhut"
"satılık daire","130","3+1","1.750.000 TL","Merkez"
"FORBES GAYRİMENKULDEN ULTRA LÜKS SATILIK DAİRE","100","2+1","4.000.000 TL","Merkez"
"EN BÜYÜK, FERAH, ULTRA LÜKS, 7 ODALI","320","6+1","11.200.000 TL","Merkez"
"Çekirdek Cafe Karşısı Doğalgazlı 1+1 Eşyalı Satılık Daire","43","1+1","1.220.000 TL","MerkezKöyler"
"DOST'TAN Dumlupınar Mahallesi Afjetli Satılık 3+1 Daire","120","3+1","3.900.000 TL","MerkezDumlupınar"
"KAMPÜS EMLAK'TAN ERKMEN HÜRRİYET MAHALLESİNDE 2+1 FIRSAT DAİRE","100","2+1","3.400.000 TL","Merkez"
"KAMPÜS EMLAK'TAN MERKEZİ KONUMDA FIRSAT SATILIK DAİRE","45","Stüdyo (1+0)","1.300.000 TL","MerkezKöyler"
"BAYRAKTEPE CAMİİ KARŞISINDA 3 CEPHELİ BAKIMLI SATILIK 3+1 DAİRE","125","3+1","2.900.000 TL","Merkez"
"GNC EMLAKTAN YATIRIMLIK 2+0 EŞYALI DAİRE","60","2+0","2.250.000 TL","Merkez"
"PARK AFYONA YÜRÜME MESAFESİNDE 15 YAŞINDA KÖŞE KONUM SATILIK 3+1","125","3+1","2.950.000 TL","Merkez"
"Aladağ'dan Karşıyaka mahallesinde 2+1 sıfır satılık daireler","95","2+1","3.600.000 TL","Merkez"
"Aladağ'dan Hoca Ahmet Yasevi de 3+1 satılık daireler","135","3+1","3.900.000 TL","Merkez"
"SELÇUKLU'DA FIRSAT 2+1 DAİRE ⫸AFJET▂DOĞALGA­Z▂OTOPARK▂AYRI MUTFAK","90","2+1","2.200.000 TL","Merkez"
"SARITAŞ EMLAK'TAN SATILIK 3+1 DAİRE GÜVENEVLER MAH.","135","3+1","2.990.000 TL","Merkez"
"ÖZDOĞANLAR EMLAK'TAN KAYMAZ CAD. SATILIK 4+1 SIFIR DUBLEKS DAİRE","150","4+1","3.900.000 TL","Bolvadin"
"YAMAN'DAN bolvadin bucak mah. satılık 2 adet 2.0 daireler","73","2+0","2.300.000 TL","Bolvadin"
"ORNEKEVLERDE SATILIK ARAKAT 3+1 DAİRE","120","3+1","2.850.000 TL","Merkez"
"TEMURLAR GRUP'dan ŞEHİR MERKEZİ 1+1 FULL EŞYALI DAİRE SATILIK.!","65","1+1","2.100.000 TL","Merkez"
"TURAN EMLAK'TAN ERENLER MAHALLESİNDE 2+0 SATILIK DAİRE","56","2+0","1.525.000 TL","MerkezKöyler"
"TEMURLAR GRUP'dan SAHİPATA TOKİLERDE İÇİ YAPILI 2+1 SATILIK.!","100","2+1","2.600.000 TL","Merkez"
"ŞEHRİN EN GÜZEL NOKTASINDA UYDUKENT'TE 4+1 VE 5+1 SATILIK DAİRE!","159","4+1","7.250.000 TL","Merkez"
"VEZİRDEN 1+1 LÜKS DAİRELER","55","1+1","2.790.000 TL","Merkez"
"SAKA EMLAK FATİHTE PAZARA YAKIN 2.KAT ARAKAT2+1 D.GAZLI 7 YILLIK","70","2+1","2.350.000 TL","Merkez"
"FORBES GAYRİMENKULDEN ALİİHSAN PAŞADA ANA YOLA YAKIN SATILIK 3+1","120","3+1","3.500.000 TL","Merkez"
"ÇAKIR MAHALLESİ ATATÜRK CADDESİ KÖŞE DAİRELER","97","3+1","1.900.000 TL","Sandıklı"
"ERENLER'İN MERKEZİNDE 1+1 SATILIK DAİRE","50","2+0","1.220.000 TL","MerkezKöyler"
"AFYON ÜÇOK EMLAKTAN FAKIPAŞA MAH SATILIK ARAKAT 2+1 DAİRE","95","2+1","2.450.000 TL","Merkez"
"LİDER den ultra lüks net 120 metrekare","135","3+1","4.200.000 TL","MerkezHarbiş"
"SAHİBİNDEN 3+1 EV","110","3+1","5.000.000 TL","Emirdağ"
"BUGÜNE ÖZEL SON FİYAT","50","1+1","2.200.000 TL","Merkez"
"SAHİBİNDEN 1. Sınıf malzeme ile yapılmış daire","108","2+1","3.500.000 TL","Dinar"
"Doğa Manzaralı 2+0 Var Fiyat Düştü! Açık Otopark Mükemmel Ötesi Daire","50","2+0","1.525.000 TL","Merkez"
"MASAL KONAKLARI Projesi 2+1 90m2 Balkonlu Satılık Daire","90","2+1","3.100.000 TL","Merkez"
"PARK AFYON RESİDENCE SAHİBİNDEN SATILIK 1+1 LÜX, RESİDENCE DAİRE","85","1+1","4.750.000 TL","Merkez"
"ÇATI EMLAKTAN AMBARYOLU ÜZERİNDE YÖN AVM YANI 2+1 DAİRELER","80","2+1","1.850.000 TL","MerkezDumlupınar"
"VEZİRDEN AVANTAJLI ÖDEME SİSTEMLİ FATİHTE 2+1 LÜKS DAİRELER","95","2+1","3.350.000 TL","Merkez"
"Erenler 2+1 lüx 70 m2 balkonlu eşyalı kiracılı dükkan tapulu","75","2+1","2.550.000 TL","MerkezKöyler"
"ERENLERDE GENİŞ 1+1 EŞYALI BAKIMLI SATILIK DAİRE","55","1+1","1.400.000 TL","MerkezKöyler"
"AFYON ÜÇOK EMLAKTAN ERKMEN-CUMHURİYET MAH SATILIK GENİŞ SİTE İÇİ","165","3+1","4.000.000 TL","Merkez"
"AFYON ÜÇOK EMLAKTAN GAZİ MAH SATILIK 3+1 CADDE ÜZERİ DAİRE","130","3+1","3.550.000 TL","MerkezHarbiş"
"ÖZTÜRK EMLAK'TAN CUMHURİYET MH'DE ARA KAT 3+1 DOĞALGAZLI DAİRE","125","3+1","1.750.000 TL","Merkez"
"YATIRIMLIK YÜKSEK KİRA GETİRİLİ 2+1 EŞYALI SUİT OFİS & DAİRE!","75","2+1","2.850.000 TL","Merkez"
"YAP-AR'DAN YENİCE'DE SÜPER KONUM'DA SATILIK 3+1 BAKIM'LI DAİRE","130","3+1","3.750.000 TL","Merkez"
"SAĞLAM EMLAKTAN ÇARŞI MERKEZDE SATILIK 2+1DAİRELER","65","2+1","3.200.000 TL","MerkezDumlupınar"
"Guru Kahve Arkası 2+1 İş Yeri Ve Yatırıma Uygun Satılık Daire","60","2+1","1.590.000 TL","MerkezKöyler"
"TEMURLAR GRUP'dan YATIRIMLIK DAİRE...!","68","2+1","1.400.000 TL","MerkezKöyler"
"Yarenler Mahallesi 3+1 5 yaşında Daire","125","3+1","3.750.000 TL","Merkez"
"devlet hastanesi yakınında satılık daire","95","2+1","3.650.000 TL","Sandıklı"
"DURAK EMLAK'TAN SATILIK DUMLUPINAR'DA 2+1-80m2 BAKIMLI DAİRE","82","2+1","1.499.000 TL","MerkezDumlupınar"
"KARŞIYAKA'DA ANA YOLA YAKIN 2+1 SATILIK SIFIR DAİRE","95","2+1","3.050.000 TL","Merkez"
"ALTINYILDIZ EMLAKTAN ERKMEN DE ANAYOL ÜZERİ 2+1 SATILIK DAİRE","65","2+1","3.900.000 TL","Merkez"
"LAVİN'DEN ERKMEN ZAFER KONUTLARINDA SATILIK 4+1","170","4+1","5.300.000 TL","Merkez"
"YAMAN'DAN bolvadin cirit mah. 3+1 satılık sıfır daire","128","3+1","3.450.000 TL","Bolvadin"
"KARTAL GAYRIMENKUL'DEN SELÇUKLU MAHALLESİNDE 3+1 GENİŞ DAİRE","150","3+1","3.100.000 TL","Merkez"
"ATATÜRK BULV. ARAKAT SATILIK GENİŞ AFJETLİ 3+1 DAİRE","150","3+1","2.990.000 TL","MerkezDumlupınar"
"SAHİBİNDEN SATILIK 3+1 DAİRE","125","3+1","3.200.000 TL","Merkez"
"ORHANGAZİ MAHALLESİNDE SATILIK DAİRE","130","3+1","4.450.000 TL","Merkez"
"Afyonpark AVM'ye yakın 3+1 geniş kullanışlı SATILIK","120","3+1","3.500.000 TL","Merkez"
"ERENLER MAH'DE 2+0 SATILIK SIFIR DAİRE","65","2+0","1.450.000 TL","MerkezKöyler"
"SAHİBİNDEN SATILIK 3+1 DAİRE","142","3+1","3.850.000 TL","Emirdağ"
"KAYADİBİ HARİKA KONUM YOLA 50 METRE ARAKAT ASANSÖRLÜ FIRSAT 3+1","120","3+1","3.400.000 TL","Merkez"
"ERA VIP'DEN SELÇUKLU MAHALLESİNDE 4+1 LÜX DAİRE","160","4+1","7.625.000 TL","Merkez"
"İNCİRLİDE MALİYET PARASINA 170 M2 GÜNEY CEPHE DUBLEKS DAİRE","175","4+1","3.550.000 TL","Dinar"
"MERDİVENCİDEN YUNUS EMRE MAHALLESİNDE 2+1 SATILIK DAİRE","90","2+1","1.650.000 TL","Merkez"
"SALİM GROUP EMLAKTAN ŞEHRİN GÜRÜLTÜSÜNDEN UZAK FIRSAT DAİRE","95","2+1","2.950.000 TL","MerkezKöyler"
"CUMHURİYET MAHALLESİNDE 3+1 SATILIK DAİRE","110","3+1","2.300.000 TL","Merkez"
"EŞREF EMLAK TAN SATILIK SÜPER İKİ ARTI BİR DAİRE","85","2+1","2.750.000 TL","Sandıklı"
"GÜL EML CUMHURİYET MAH. ARAKAT 2+1 DAİRE","100","2+1","1.290.000 TL","Merkez"
"GÜL EML SİTE İÇİNDE 4+1 DELÜX SIFIR DAİRE","180","4+1","6.000.000 TL","MerkezÇarşı"
"YEŞİLYOL ÜZERİ GÜNEY VE BULVAR CEPHELİ 142 M2 SATILIK DAİRE","142","3+1","5.450.000 TL","Merkez"
"DÜŞTÜÜ SON 1 HAFTA AFYON İMZA EMLAKTAN DUMLUPINAR MH","200","4+1","2.950.000 TL","MerkezDumlupınar"
"CADDE NOVA PROJESİ, RMA YAPI FARKIYLA DİNAR'ın EN GÖZDE YERİNDE","150","3+1","4.000.000 TL","Dinar"
"ULTRA LÜKS 1+1 EŞYALI DAİRE","55","1+1","2.700.000 TL","Merkez"
"İNCİ DEN HARB İŞ GAZİ MAH. 2+1 SİTE İÇERİSİNDE SATILIK DAİRE","95","2+1","2.250.000 TL","MerkezHarbiş"
"AFYON MAREŞAL F.ÇAKMAK.MA­H.TEMELDEN %50 PEŞİN %50 VADELİ SATIŞ","65","2+0","2.400.000 TL","MerkezHarbiş"
"TUGAN EMLAK'TAN YEŞİLYOL'DA SATILIK DAİRE","90","2+1","1.425.000 TL","Merkez"
"LAVİN'DEN KOCATEPE MAHALLESİNDE SATILIK 3+1 DAİRE","115","3+1","2.500.000 TL","Merkez"
"MİR EMLAKTAN DUMLUPINAR MH.3+1 AFJETLİ SATILIK DAİRE","115","3+1","2.600.000 TL","Merkez"
"D.PAŞA DA, DEMİRYALAN YANINDA BAKIMLI SATILIK 3+1 DAİRE!","120","3+1","2.890.000 TL","Merkez"
"FORBES GAYRİMENKULDEN ULTRA LÜKS SATILIK DAİRE","190","4+1","6.550.000 TL","Merkez"
"DOĞA EMLAKTAN ERENLERDE SATILIK DAİRE","65","2+0","1.550.000 TL","MerkezKöyler"
"Sahibinden Satılık Türk-İş Konutlarında 3+1 Daire","130","3+1","4.200.000 TL","Merkez"
"VEZİRDEN SATILIK 3+1 BAKIMLI DAİRE","120","3+1","3.600.000 TL","Merkez"
"PRESTİJLİ KONUMDA, GENİŞ VE FERAH TASARIMIYLA ÖNE ÇIKAN LÜKS 4+1","160","4+1","8.400.000 TL","Merkez"
"Açık Otopark 2+1 Acil! Geniş Yok Lüx Satılık","90","2+1","2.190.000 TL","Merkez"
"KAMPÜS EMLAK'TAN MERKEZİ KONUMDA SIFIR DAİRE","45","1+1","1.450.000 TL","MerkezKöyler"
"BELEDİYE BİNASI YANINDA SATILIK 2+1 DAİRE","95","2+1","2.300.000 TL","Bolvadin"
"3S'TEN MECİDİYE'DE 1.KATTA SATILIK MASRAFSIZ 3+1 ARAKAT","125","3+1","1.899.000 TL","Merkez"
"AFYON YENİCE MAH.FUAR HAST.YAKININDA 3+1 SATILIK DAİRE","130","3+1","3.600.000 TL","Merkez"
"CENTURY 21 PLUS'DAN SEÇME SİTESİNDE LÜX DAİRE","185","4+1","6.350.000 TL","Merkez"
"PARK AFYONA YAKIN CUMHURİYETTE ARA KAT SATILIK GENİŞ 3+1 DAİRE","140","3+1","2.990.000 TL","Merkez"
"272 EMLAKTAN ÖRNEKEVLERDE UYGUN FİYATLI 4+1 SATILIK DAİRE","145","4+1","2.150.000 TL","Merkez"
"VEZİRDEN LÜKS GENİŞ 2+1 (Erkmen kadayıfcıoğlu arkası)","95","2+1","4.200.000 TL","Merkez"
"MAREŞAL FEVZİ ÇAKMAK MAHALLESİNDE 3+1 SATILIK DAİRE","135","3+1","3.600.000 TL","MerkezHarbiş"
"ERENLERDE SATILIK KREDİYE UYGUN 2+0 DAİRE","55","2+0","1.350.000 TL","MerkezKöyler"
"SAKA EMLAK FATİH MH. 3+1 D.GAZLI BAKIMLI 12 YILLIK SATILIK DAİRE","110","3+1","2.190.000 TL","Merkez"
"SAĞLAM EMLAK SELÇUKLUDA SATILIK ZEMİN İYİLEŞTİRMELİ LÜX DAİRELER","100","2+1","4.500.000 TL","Merkez"
"!!! CUMHURİYET'TE SATILIK GENİŞ 3+1 DAİRE !!!","130","3+1","2.500.000 TL","Merkez"
"AFYON ÜÇOK EMLAKTAN FATİH MAH SATILIK 3+1 TERTEMİZ BAKIMLI DAİRE","120","3+1","2.250.000 TL","Merkez"
"İDEALDEN METEOROLOJİ YANI GENİŞ VE LÜKS SATILIK 3+1 DAİRE!!","135","3+1","3.850.000 TL","Merkez"
"SAHİBİNDEN SATILIK LALEZAR SİTESİNDE 3+1 DAİRE","120","3+1","4.180.000 TL","MerkezÇarşı"
"ATMOSFER EMLAK'TAN SIFIR BİNA TAM YATIRIMLIK DAİRE","50","2+0","1.590.000 TL","MerkezKöyler"
"Kanlıca Mahallesi'nde Adliye'ye ve Cezaevine yakın 3+1 daire","140","3+1","3.200.000 TL","Merkez"
"ADNAN MENDERES BULVARINDA 3+1 SATILIK DAİRE..!","115","3+1","3.990.000 TL","Merkez"
"A CLASS'TAN ERENLER MAH. SATILIK 2+0 EŞYALI GENİŞ ARAKAT DAİRE","55","2+0","1.275.000 TL","MerkezKöyler"
"JARDİN CAFE KARŞISI YÜKSEK KİRA GETİRİLİ 2+0 SATILIK DAİRE","55","2+0","1.490.000 TL","MerkezKöyler"
"ÇARŞI MERKEZİNDE SATILIK OFİS VEYA DAİRE KİRACILI YATIRIMLIK","115","3+1","1.675.000 TL","MerkezDumlupınar"
"2+0 eşyalı balkonlu ruhsatlı güney cephe","55","2+0","1.375.000 TL","MerkezKöyler"
"2+0 EŞYALI,KİRAC­ILI,MERKEZİ LOKASYONDA SATILIK DAİRE","55","2+0","1.500.000 TL","MerkezKöyler"
"YÜKSEL' DEN ÖRNEKEVLER DE SATILIK EŞYALI BODRUM KAT 2+0","50","2+0","1.450.000 TL","Merkez"
"ÇATI EMLAK'TAN SAHİPATA MAH. ANKARA YOLU ÜZERİ 3+1 LÜKS DAİRE","135","3+1","3.330.000 TL","Merkez"
"MEV EMLAKTAN 3+1","145","3+1","3.900.000 TL","Sandıklı"
"Yok Var Daire Mükemmel Ötesi Bu Fiyata Yok! Emsalsiz Konumda 3+1","135","3+1","2.975.000 TL","MerkezKöyler"
"UYDUKENT EMLAKTAN SATILIK DAİRE/ 2+1 NAZMİ SAATÇİ MAH.","95","2+1","1.950.000 TL","Merkez"
"UYDUKENT EMLAKTAN SATILIK DÜBLEX LÜKS DAİRE/CUMHURİYET MAH.","180","5+1","4.850.000 TL","Merkez"
"PREMIUM'DAN HİSARKENT KONUTLARINDA 4+1","170","4+1","4.950.000 TL","Merkez"
"AFYON BAYLAN EMLAKTAN ESENTEPE MAH.SATILIK 3+1 DAİRE","125","3+1","3.100.000 TL","MerkezHarbiş"
"AFYON BAYLAN EMLAKTAN ALİ ÇETİNKAYA MAH.SATILIK 2+1 LÜKS DAİRE","80","2+1","3.880.000 TL","Merkez"
"AFYON BAYLAN EMLAKTAN CUMHURİYET MAH.SATILIK 3+1 ARAKAT DAİRE","125","3+1","2.675.000 TL","Merkez"
"Otogar Toki Dairemiz Satılıktır","90","2+1","2.750.000 TL","MerkezÇarşı"
"BEY PALAS KONUTLARINDA ULTRA LÜKS SİTE İÇERİSİ SIFIR 4+1 DAİRE","165","4+1","9.300.000 TL","Merkez"
"ERENLER'DE KARAKOL KARŞISINDA SATILIK LÜX 2+0 SIFIR EŞYALI DAİRE","52","2+0","1.675.000 TL","MerkezKöyler"
"ENBOY EMLAKTAN 2+1 SATILIK DAİRE","95","2+1","2.475.000 TL","Sandıklı"
"Afyonkarahisar Eskişehir Yoluna Cephe 1+1 Fırsat Daire","48","1+1","1.265.000 TL","MerkezKöyler"
"Sahibinden ara kat 3+1 daire","120","3+1","2.600.000 TL","Merkez"
"İLBEY // Afyon - Gümüşkent Sitesinde 5+1 Tribleks Villa","350","5+1","2.600.000 TL","Merkez"
"Sandıklı Toki 2+1 Daire","100","2+1","2.800.000 TL","Sandıklı"
"SATILIK 2 ADET YANYANA DÜKKAN","80","Stüdyo (1+0)","1.800.000 TL","Dinar"
"Kanlıca Flora Park Evleri 4+1","190","4+1","5.250.000 TL","Merkez"
"PAZAR MAHALLESİNDE SATILIK 4+1 DUBLEKS DAİRE","220","4+1","3.250.000 TL","Dinar"
"Sahibinden Gün Sazak Bulvarında Site İçinde Ara Kat 3+1 Daire","130","3+1","4.050.000 TL","Merkez"
"SATILIK 3+1 SIFIR LÜKS YAPILI DAİRE","140","3+1","3.850.000 TL","Dinar"
"YAMAN'DAN bolvadin'de 18 AY VADELİ satılık daireler","101","2+1","3.000.000 TL","Bolvadin"
"KARACA EMLAK DUMLUPINAR MH 3+1 120m 1.KAT AFJETLİ MASRAFSZ DAİRE","130","3+1","3.150.000 TL","MerkezDumlupınar"
"FİYAT AVANTAJIYLA KARŞINIZDAYIZ !! 2+1 PARASINA 3+1 165 M2 DAİRE","165","3+1","2.750.000 TL","Dinar"
"FATİH MAHALLESİNDE EBEVEYN BANYOLU LÜKS SATILIK 3+1 DAİRE","130","3+1","3.250.000 TL","Merkez"
"AFYON MERKEZ ZAFER MAH. SATILIK 3+1 130m2 ZEMİN KAT DAİRE","140","3+1","2.800.000 TL","MerkezHarbiş"
"Afyon Gazlıgöl'de Termal Havuzlu Daire","80","1+1","1.999.000 TL","İhsaniye"
"SALİM GRP EMLAK ZAFER MAHALLESİNDE SATILIK 2+1 SIFIR DAİRE","95","2+1","2.975.000 TL","MerkezHarbiş"
"SALİM EMLAK - UYDUKENT 6+2 LÜKS DUBLEKS DAİRE","256","6+2","9.450.000 TL","Merkez"
"VEYSEL KARANİ MERKEZİ KONUM FIRSAT 3+1 DAİRELER","110","3+1","2.725.000 TL","Merkez"
"ÖZTÜRK EMLAK'TAN MERKEZDE DOĞALGAZLI 3+1 VE AYRI TERASLI 2+0","135","3+1","3.650.000 TL","Merkez"
"SAFİR'DEN KARŞIYAKADA 2+1 SIFIR AYARINDA DAİRE","85","2+1","3.200.000 TL","Merkez"
"AFYON MERKEZ ERENLER MAHALLESİNDE EŞYALI 2+1 SATILIK DAİRE","58","2+1","1.520.000 TL","MerkezKöyler"
"DURU GROUP'DAN FATİH MH. SATILIK 3+1 110 M2 KÖŞE DAİRE","115","3+1","2.675.000 TL","Merkez"
"Sahibinden dublexs daire","155","3+1","4.050.000 TL","Merkez"
"TURAN EMLAK'TAN ERENLER MH. KAT MÜLKİYETLİ 1+1 SATILIK DAİRE","48","1+1","1.295.000 TL","MerkezKöyler"
"Şirinevler'de sahibinden merkezi konumda 3+1 Daire","130","3+1","2.990.000 TL","Çay"
"SAHİBİNDEN SATILIK ATATÜRK CADDESİ ÜZERİ 5+1 240m2 DAİRE","240","5+1","5.450.000 TL","MerkezDumlupınar"
"ARDA UĞUŞ TAN KANLICA MH.SATILIK SIFIR LÜKS DAİRELER","115","3+1","3.800.000 TL","Merkez"
"SAHİBİNDEN ERENLER MAHALLESİNDE SATILIK 2+1 DUBLEKS FULL EŞYALI","85","2+1","1.425.000 TL","MerkezKöyler"
"ACİLLL SATILIK!!! ADLİYE ARKASI, KONUMU GÜZEL, İÇİ YAPILMIŞ 3+1","130","3+1","2.850.000 TL","Merkez"
"Süper Lüks 3+1 Daire","140","3+1","4.350.000 TL","Bolvadin"
"STADYUM BÖLGESİ SATILIK SIFIR LÜKS 4+1 DAİRE ALİ ÇETİNKAYA","164","4+1","7.650.000 TL","Merkez"
"YAMAN'DAN bolvadin aydınlar mah. satılık 3+1 sıfır daire","144","3+1","3.400.000 TL","Bolvadin"
"MARAŞEL FEVZİ ÇAKMAK MH'SİNDE 3+1 SATILIK DAİRELER","120","3+1","4.000.000 TL","MerkezHarbiş"
"ALİ ÇETİNKAYADA PARK MANZARALI FIRSAT 2+0 SATILIK DAİRE","75","2+0","4.350.000 TL","Merkez"
"M.F.Ç.'DE YATIRIM VE OTURUM İÇİN İDEAL-MÜSTAKİL BEHÇE-SIFIR 2+1","85","2+1","2.925.000 TL","MerkezHarbiş"
"Gnc Emlaktan Sıfır Eşyalı Geniş 2+1 Daire","110","2+1","3.550.000 TL","Sandıklı"
"SAFİR EMLAKTAN ZAFER MAHALLESİNDE SATILIK 3+1 DAİRE","125","3+1","2.975.000 TL","MerkezHarbiş"
"HİZ GROUP EMLAKTAN ALİ İHSAN PAŞA MAHALLESİNDE SATILIK DAİRE","145","3+1","3.500.000 TL","Merkez"
"GELİŞGEN EMLAKTAN UYDUKENTTE SATILIK 1+1 EŞYALI DAİRE","55","1+1","2.590.000 TL","Merkez"
"ALTINYILDIZ EMLAKTAN GÜVENEVLERDE BAKIMLI SATILIK 3+1","120","3+1","3.600.000 TL","Merkez"
"ERENLER MERKEZİ KONUMDA YÜKSEK KİRA GETİRİLİ 2+1 DAİRE","60","2+1","1.650.000 TL","MerkezKöyler"
"UZUNLAR EMLAK'TAN MERKEZDE EŞYALI 1+1 SATILIK ARAÇ TAKASLI DAİRE","55","1+1","2.450.000 TL","Merkez"
"MERKEZİ KONUM YERDEN ISITMALI EBEVEYN BANYOLU SIFIR 2+1 DAİRE","95","2+1","2.450.000 TL","Bolvadin"
"ŞEKERCİ EMLAK'DAN ÇARŞI MERKEZ KONUMLU SATILIK 3+1 DAİRE","140","3+1","4.300.000 TL","Merkez"
"YAMAN EMLAK OFİSİ'NDEN ARAKAT ÖN CEPHE SATILIK EŞYALI 1+1 DAİRE","55","1+1","2.850.000 TL","Merkez"
"GÜVENEVLER MAH. TÜRK İŞ KONUTLARİNDA SATILIK 3+1 DAİRE","120","3+1","4.350.000 TL","Merkez"
"KULAÇ EMLAKTAN SATILIK SIFIR DAİRE GÜNEY CEPHE 3+1 120m2","120","3+1","3.650.000 TL","MerkezKöyler"
"PARADİSE LİFE 2 KOOPERATİFİNDE 3+1 ÜYELİK DEVRİ","155","3+1","3.950.000 TL","Merkez"
"GLOBAL'DEN UYDUKENT MH 6+1 | 335 m² | 4.KAT SİTE İÇİNDE SATILIK","335","7+1","9.990.000 TL","Merkez"
"Selçuklu Mah. Yılbaşı Teslim Full Eşyalı Satılık 1+1 Daire","40","1+1","2.900.000 TL","Merkez"
"CUMHURİYET MAH.YEŞİLYOLA ADIM MESAFEDE 3+1 FIRSAT ARA KAT DAİRE","140","3+1","2.900.000 TL","Merkez"
"FIRSAT Erkmenin Yükselen Projesinde Satılık 3+1 Koop. Hissesi","130","3+1","3.400.000 TL","Merkez"
"KARTAL GAYRİMENKUL'DEN YATIRIMLIK 3 ADET DAİRE 1 ADET İŞYERİ","160","Stüdyo (1+0)","2.350.000 TL","MerkezHarbiş"
"Oteller,stadyum,Tıp fakültesi bölgesi geniş sıfır daire","100","2+1","3.275.000 TL","Merkez"
"İDEAL'DEN HARBİŞ'DE YARISI PEŞİN YARISI TAKSİT 3+1 SATILIK DAİRE","120","3+1","4.250.000 TL","MerkezHarbiş"
"HARBİŞ NAZMİ SAATÇİ MAH KUPON SATILIK 3+1 DAİRE","135","3+1","2.700.000 TL","Merkez"
"AFYON METROPOL EMLAKTAN SATILIK SADIK BEY TOKİDE 2+1","100","2+1","2.850.000 TL","MerkezKöyler"
"AFYON METROPOL EMLAKTAN SATILIK ERENLERDE 1+1 DAİRE","80","1+1","1.450.000 TL","MerkezKöyler"
"SALİM EMLAK - ATATÜRK CADDESİ ÜZERİNDE TEMİZ 3+1 SATILIK DAİRE","140","3+1","2.950.000 TL","MerkezDumlupınar"
"KANLICA MAH 3+1 SATILIK DAİRE","115","3+1","4.250.000 TL","Merkez"
"ZAFER MAHALLESİNDE UYGUN FİYATLİ 2+1 DAİRE","75","2+1","1.420.000 TL","MerkezHarbiş"
"SANDIKLI TOKİ 1. ETAP SATILIK 3+1 DAİRE","121","3+1","3.000.000 TL","Sandıklı"
"DOST'TAN Sahipata Mahallesi Sıfır Ayarında Satılık 3+1 Daire","110","3+1","2.750.000 TL","Merkez"
"ERENLERDE ÜNİVERSİTE KARŞISI 2+1 EŞYALI DAİRE YATIRIMLIK","55","2+1","1.825.000 TL","MerkezKöyler"
"ENBOY EMLAK'TAN SATILIK 2+1 DAİRE","125","2+1","4.650.000 TL","Sandıklı"
"Acil Satılık Temiz Daire","125","3+1","3.000.000 TL","MerkezKöyler"
"ME-KA GROUP'TAN KURTULUŞ CADDESİ KÖŞE KONUMLU SATILIK DAİRE","140","3+1","3.100.000 TL","Merkez"
"MARAŞAL FEVZİ ÇAKMAK NATAMAM DUBLEX 4+1 ACİL","195","4+1","2.090.000 TL","MerkezHarbiş"
"ERKMENDE ZAFER KONUTLARINDA 4+1 ULTRA LÜKS SATILIK SIFIR DAİRE","170","4+1","6.000.000 TL","Merkez"
"AFYON BAYLAN EMLAKTAN ERENLER'DE SATILIK D GAZLI LÜXS 2+0 DAİRE","50","2+0","1.500.000 TL","MerkezKöyler"
"ALİ İHSAN PAŞA MAH. SİTE İÇİ GENİŞ KÖŞE KONUM SATILIK DAİRE","135","3+1","2.550.000 TL","Merkez"
"YEŞİLYOL CADDE ÜZERİ MÜKEMMEL KONUM DAİRE","110","2+1","3.600.000 TL","Merkez"
"A CLASS'TAN ERENLER MAH. SATILIK 2+0 EŞYALI KİRACILI DAİRE","45","2+0","1.300.000 TL","MerkezKöyler"
"ALTINYILDIZ EMLAKTAN FATİH MAH SATILIK ULTRA LÜKS DAİRE","160","4+1","4.850.000 TL","Merkez"
"TOKİDE KABASI BİTMİŞ VİLLA","232","4+1","6.500.000 TL","Sandıklı"
"ÖZERLER CAMİİ KARŞISINDA SATILIK 3+1 DAİRE","110","3+1","1.900.000 TL","Merkez"
"MEZBAHA CADDESİNDE 2+1","125","2+1","2.750.000 TL","Sandıklı"
"MAREŞAL FEVZİ ÇAKMAK MAHALLESİNDE CADDEYE CEPHELİ SATILIK DAİRE","110","3+1","2.450.000 TL","MerkezHarbiş"
"Pektaş Evleri Projesi 2+1 94m2 Balkonlu Satılık Daire","94","2+1","2.500.000 TL","Bolvadin"
"GÜMÜŞ KENT KONUTLARI ETAP 4 Projesi 1+1 39m2 Satılık Daire","39","1+1","1.525.000 TL","Bolvadin"
"Sahibinden Satılık Daire SON FİYAT","125","3+1","3.650.000 TL","Merkez"
"GELİŞGEN EMLAK SAHİPATADA CADDE ÜZERİNDE ACİLL SATILIK 3+1 DAİRE","130","3+1","2.725.000 TL","Merkez"
"DUMLUPİNAR MAHALLESİNDE SATILIK BODRUM KAT DAİRE","70","2+1","900.000 TL","MerkezDumlupınar"
"ŞEHİR MERKEZİNDE SATILIK AÇIK MUTFAK 2+1 DAİRELER","85","2+1","4.350.000 TL","Merkez"
"Ataköyde Papatya Simit Karşısı 3+1 Satılık Eşyalı Lüks Daire","140","3+1","6.700.000 TL","MerkezKöyler"
"MG EMLAKTAN SAHİPATA'DA KAÇIRILMAYACAK 3+1 FIRSAT DAİRE","135","3+1","1.680.000 TL","Merkez"
"AFYON ÖZSU EMLAK'TAN SİTE İÇERİSİNDE SATILIK 4+1 ASANSÖRLÜ DAİRE","180","4+1","4.940.000 TL","Merkez"
"MG EMLAKTAN HAZIR KİRACILI 3+1 SATILIK DAİRE","135","3+1","2.675.000 TL","MerkezÇarşı"
"UYDUKENT 4+1 LÜKS DAİRELER! 1.99 KREDİ ORANI","170","4+1","5.390.000 TL","MerkezÇarşı"
"ESKİ STAD BÖLGESİNDE 4+1 LÜKS DAİRELER","175","4+1","6.690.000 TL","Merkez"
"VEZİRDEN DUMLUPINARDA 3+1 KUPON DAİRE","115","3+1","3.990.000 TL","MerkezDumlupınar"
"GELİŞGEN EMLAKTAN KALICA SIFIR AYARINDA SATILIK 3+1 DAİRE","120","3+1","3.690.000 TL","Merkez"
"ALFA'dan SATILIK MERKEZİ KONUM ÇİFT BALKON 2+1","60","2+1","1.950.000 TL","MerkezKöyler"
"ASİL EMLAKTAN SİTESİNDE SATILIK UYGUN FİYATIYLA 3+1 DAİRE","130","3+1","3.200.000 TL","Dinar"
"*AS Group Emlak* ESKİ STADADYUM 2+1 72 m² SATILIK LÜKS REZİDANS","72","2+1","4.900.000 TL","Merkez"
"YUNUS EMRE MAHALLESİN DE SATILIK DUBLEKS DAİRE","85","2+1","2.750.000 TL","Merkez"
"ALİ ÇETİNKAYADA PARKIN HEMEN ÖNÜNDE FIRSAT 2+0 SATILIK DAİRE","75","2+0","4.500.000 TL","Merkez"
"YAMAN'DAN bolvadin Double Garden Prestijli Proje 4+1 daireler","188","4+1","4.975.000 TL","Bolvadin"
"DUMLUPINAR MAH. SIFIR MASRAFSIZ AFJETLİ GÜNEY CEPHE LÜKS DAİRE","130","3+1","4.000.000 TL","MerkezDumlupınar"
"ŞEKİL'den UYDUKENT SELÇUKLU MAH. 3+1 SATILIK DAİRE","120","3+1","3.300.000 TL","Merkez"
"FIRSAT 3.500.000₺ peşinat ve vade imkanıyla 155m2 lüks daire","165","3+1","6.000.000 TL","Merkez"
"272 GAYRİMENKULDEN UYDUKENTTE SATILIK SIFIR 1+1 EŞYALI DAİRE","53","1+1","2.690.000 TL","Merkez"
"*YÜKSEK KİRA GETİRİLİ,TEK TAPULU,SATILIK İKİ DAİRE*","55","1+1","1.390.000 TL","MerkezKöyler"
"Fırsat!!! Satılık 4+1 Lüks Daire Fatih Her Katta Tek Daire Kiler","145","4+1","4.100.000 TL","Merkez"
"TEMURLAR GRUP'dan FATİH MAH. SIFIR 2+1 DAİRELER..!","78","2+1","2.950.000 TL","Merkez"
"YAPAR EMLAK'TAN TAŞPİNAR MAH 3 KATLİ MÜSTAKİL EV BAKİMLİ","105","3+1","1.300.000 TL","Merkez"
"NOKTA EMLAK'TAN ZAFER MH. 3+1 SATILIK DAİRE","125","3+1","2.750.000 TL","MerkezHarbiş"
"İDEAL'DEN ESENTEPE MAHALLESİNDE KAÇIRILMAYACAK 2+1 DAİRE!","120","2+1","2.125.000 TL","MerkezHarbiş"
"KAT SEÇENEKLİ 3.450.000TL BAŞLAYAN FİYATLARLA SIFIR 3+1 DAİRELER","115","3+1","3.450.000 TL","Merkez"
"TEMURLAR GRUP'dan MAREŞAL FEVZİ Ç. MAH.SIFIR DAİRELER..!","110","3+1","3.200.000 TL","MerkezHarbiş"
"ME-KA GROUP'TAN FATİHTE PAZAR YERİNE YAKIN EŞYALI DAİRE","35","1+1","1.550.000 TL","Merkez"
"DÖRTYOL MAH. SİTE İÇERİSİNDE KÖŞE KONUMLU 2+1 SATILIK DAİRE","85","2+1","2.800.000 TL","MerkezÇarşı"
"SÜPER FIRSAT! SİTE İÇERİSİNDE SATILIK ARA KAT 4+1 LÜKS DAİRE","165","4+1","3.200.000 TL","Çay"
"ŞEHRİN EN İŞLEK CAD.YATIRIMLIK BİR DAİRE FİYATINA İKİ DAİRE","150","3+1","5.250.000 TL","Merkez"
"VİZYON EMLAK'TAN KANLICA'NIN GÖZDESİ TOKİLERDE 3+1 SATILIK DAİRE","155","3+1","4.050.000 TL","Merkez"
"ME-KA GROUP'TAN ERKMENDE SATILIK LÜX BORÇSUZ 4+1 SIFIR DAİRE","165","4+1","5.250.000 TL","Merkez"
"GLOBAL'DEN UYDUKENT MÜKEMMEL KONUM 2+1 FUL EŞYALI SIFIR DAİRELER","65","2+1","3.500.000 TL","Merkez"
"FATİH MAHALLESİNDE ULTRA LÜKS 3+1 DAİRE","115","3+1","3.500.000 TL","Merkez"
"MAREŞAL FEVZİ ÇAKMAK MAH 3+1 SATILIK DAİRE","135","3+1","3.810.000 TL","MerkezHarbiş"
"Aladağ'dan İstiklal Mahallesinde 3+1 satlık daire","125","3+1","2.450.000 TL","Merkez"
"GÜMÜŞ İNŞAAT'TAN ÇARŞIDA DUBLEXS 4+1 SIFIR DAİRE-GİYİNME ODALI","183","4+1","3.520.000 TL","Bolvadin"
"AFYON RAM GAYRİMENKUL 'DEN MARULCU MAH. 3+1 DOĞALGAZLI DAİRE","120","3+1","2.675.000 TL","Merkez"
"AFYON MERKEZ ÖRNEKEVLER MAHALLESİ'NDE ULTRA LÜKS SATILIK DAİRE","140","3+1","4.500.000 TL","Merkez"
"Gnc Emlaktan Çarşı merkezde Geniş satılık daire","145","3+1","3.500.000 TL","Sandıklı"
"Gnc Emlaktan Hastane arkası Satılık daire","135","3+1","3.250.000 TL","Sandıklı"
"ARAÇ TAKASINA AÇIK ,SAHİBİNDEN , ARA KAT 3+1 DOGAL GAZLI DAİRE","125","3+1","4.249.000 TL","Merkez"
"EFE EMLAKTAN SIFIR 3+1 HASTANE YANI","140","3+1","4.150.000 TL","Sandıklı"
"ÇATI'DAN UYDUKENT KAHRAMANLAR SUİT'TE YATIRIM FIRSATI","40","Stüdyo (1+0)","2.999.999 TL","Merkez"
"LAVİN'DEN ANA CADDE ÜZERİNDE HİLTON KARŞISINDA 1+1 SATILIK DAİRE","50","1+1","3.070.000 TL","Merkez"
"LAVİN'DEN DEVLET HASTANESİ YAKINI %50 PEŞİNATLI 2+1 LÜKS DAİRE","95","2+1","4.500.000 TL","Merkez"
"ENBOY EMLAK'TAN SATILIK 3+1 DAİRE","150","3+1","3.950.000 TL","Sandıklı"
"YÜKSEL' DEN ERKMEN DE SATILIK, KULLANILMAMIŞ 5+1 DAİRE","225","5+1","6.500.000 TL","Merkez"
"HARBİŞ-KOCATEPE MAH.'DE ARSA PAYI YÜKSEK-ARAKAT -MANTALOMALI 3+1","120","3+1","2.800.000 TL","Merkez"
"Dubleks daire 6+1","300","6+1","8.500.000 TL","MerkezHarbiş"
"SARITAŞ EMLAK'TAN SATILIK 2+1 DAİRE İNAZ DEPREM KONUTLARI","106","2+1","1.200.000 TL","MerkezÇarşı"
"Erenlerde 2+0 kiracılı daire","55","2+0","1.375.000 TL","MerkezKöyler"
"Örnekevlerde Arakat Mükemmel Konum SATILIK 3+1 Daire.","125","3+1","2.900.000 TL","Merkez"
"GÖKTUĞ EMLAKTAN SİTE İÇİNDE ULTRALÜKS SATILIK 2+1 EŞYALI DAİRE!","80","2+1","4.200.000 TL","Merkez"
"EROL EMLAKTAN ERKMENDE SATILIK 3+1 O DAİRE","150","3+1","3.300.000 TL","Merkez"
"Ordu Bulvarı yakını Satılık 3+1 Geniş Daire yada Ofis","140","3+1","2.950.000 TL","Merkez"
"GLOBAL'DEN KARAMAN MH. 3+1 | 130 m² |4.KAT BAKIMLI SATILIK DAİRE","145","3+1","4.950.000 TL","Merkez"
"DURAK EMLAKTAN SATILIK KANLICA ARAKAT 3+1 SALON 147m2 DAİRE","147","3+1","4.250.000 TL","Merkez"
"A CLASS'TAN MAREŞAL FÇ. MAH. SATILIK ARAKAT 2+1 80M2 DAİRE","90","2+1","2.750.000 TL","MerkezHarbiş"
"sağlık merkezi yanında vet fak karşısı","60","2+0","1.480.000 TL","MerkezKöyler"
"CENTURY 21 PLUS'DAN ERKMEN HÜRRİYET'DE LÜX SATILIK DAİRE","100","2+1","3.375.000 TL","Merkez"
"SANAT EMLAKTAN MERKEZİ KONUMDA 2+1 LÜKS DAİRE 110 m²","120","2+1","5.000.000 TL","Sandıklı"
"UYDUKENT'TE SATILIK 4+1 SIFIR ARAKAT LÜKS DAİRE","150","4+1","6.600.000 TL","Merkez"
"*AS Group Emlak* Selçuklu Mah. 60 mt2 1+1 Ticari Ofis","70","1+1","2.900.000 TL","Merkez"
"ARA KAT,MASRAFSIZ, BAKIMLI SATILIK DAİRE","120","3+1","3.500.000 TL","MerkezEşrefpaşa"
"SARITAŞ EMLAK'TAN SATILIK 3+1 DAİRE YUNUS EMRE MAH.","130","3+1","2.250.000 TL","Merkez"
"""Açıklamayı Bakınız""SELÇUKLU MAH.'DE SİTE İÇİNDE LÜKS GENİŞ 4+1","190","4+1","6.250.000 TL","Merkez"
"BOZDOĞAN EMLAK'TAN İHSANİYE'DE MERKEZİ KONUMDA 3+1 DAİRE","130","3+1","2.750.000 TL","İhsaniye"
"TOKİ EVLERİ 2 + 1 EN ÖN CADDE","90","2+1","1.700.000 TL","Bolvadin"
"Sandıklı Ece Mah. Merkezi Konumda 3+1 150 m² Satılık Daire","150","3+1","4.250.000 TL","Sandıklı"
"VADİ ŞEHİR KONUTLARI 175 m² EBEVEYN BANYOLU 15 m² KİLERLİ DAİRE","175","3+1","4.000.000 TL","Bolvadin"
"MRD SATILIK 3+1 115M2 ÖZEL DİZAYN EDİLMİŞ ARA KAT SİTE İÇİ DAİRE","115","3+1","3.625.000 TL","Merkez"
"İDEAL'DEN AFYON MERKEZDE 3 KATLI SATILIK BİNA!!!","320","4+1","8.600.000 TL","Merkez"
"MERKEZ CUMHURİYET MAH.2+1 AÇIK MUTFAK","85","2+1","3.495.000 TL","Merkez"
"AFYON RAM GAYRİMENKUL'DEN CUMHURİYET MAH. 3+1 D.GAZLI DAİRE","120","3+1","2.325.000 TL","Merkez"
"RAVZA EMLAK GÜVENCESİYLE ESENTEPE MAH ULTRA LÜKS 3+1 DAİRELER","135","3+1","4.450.000 TL","MerkezHarbiş"
"7+1 Emsalsiz Satılık Daire","330","7+1","7.450.000 TL","Merkez"
"KULAÇ EMLAKTAN SATILIK HARİKA KONUMLU MASRAFSIZ DAİRE 3+1 135m2","135","3+1","3.600.000 TL","Merkez"
"KURTULUŞ CAD DEVRANE KARŞISI ŞOK MARKET ÜZERİ SATILIK 3+1 DAİRE","125","3+1","1.825.000 TL","Merkez"
"AFYON GAZLIGÖL'DE SATILIK 1+1 TERMAL DAİRE","75","1+1","850.000 TL","İhsaniye"
"Afyonkarahisar Dumlupınar Mahallesinde Satılık 3+1 ara kat daire","110","3+1","2.750.000 TL","MerkezDumlupınar"
"ENBOY EMLAK'TAN SATILIK 2+1 DAİRE","90","2+1","2.875.000 TL","Sandıklı"
"Bu fırsat kaçmaz","160","3+1","2.500.000 TL","Dazkırı"
"KaLe Emlak'dan ERENLERDE SATILIK 1+1 daire","58","1+1","1.150.000 TL","MerkezKöyler"
"ÖZDEM EMLAK'TAN FURKAN YAPI KOOPERATİFİNDE SATILIK DAİRE","160","3+1","4.350.000 TL","Merkez"
"YAMAN'DAN bolvadin Double Garden - Prestijli Proje 3+1 daireler","130","3+1","3.975.000 TL","Bolvadin"
"DERVİŞPAŞA MAHALLESİNDE SATILIK SIFIR 2+1ULTRA LÜKS DAİRE","72","2+1","2.750.000 TL","Merkez"
"AFYONKARAHİSAR MERKEZ'DE SATILIK LÜKS 2+1 DAİRE","55","2+1","1.800.000 TL","MerkezKöyler"
"MERT EMLAK TAN KOCATEPE MAHALLESİ ELİT 2+1","105","2+1","3.090.000 TL","Merkez"
"3S'TEN AFYON MERKEZ SAHİPATA'DA 4 YAŞINDA ASANSÖRLÜ KATTA 3+1","120","3+1","3.115.000 TL","Merkez"
"SELÇUKLU EMLAKTAN ŞEHİR MANZARALI 133 M2 3+1 SATILIK DAİRE","140","3+1","3.300.000 TL","Merkez"
"AFYONKARAHİSAR'IN ÖRNEK MAH'DE 3+1 ARA KAT SATILIK DAİRE","120","3+1","3.700.000 TL","Merkez"
"TURAN EMLAK'TAN FATİH MAHALLESİNDE 2+1 SATILIK DAİRE","110","2+1","2.850.000 TL","Merkez"
"SAHİPATA EMLAKTAN KAÇIRILMAYACAK FIRSAT DAİRE","135","2+1","1.749.000 TL","MerkezDumlupınar"
"KULAÇ EMLAKTAN SATILIK SIFIR MASRAFSIZ LÜKS DAİRE 3+1 135m2","135","3+1","4.250.000 TL","Merkez"
"ERENLERDE KAT DUPLEKS SATILIK DAİRE","100","2+1","1.450.000 TL","MerkezKöyler"
"MERDİVENCİDEN YEŞLİLYOLDA 2+1 SATILIK DAİRE","90","2+1","1.700.000 TL","Merkez"
"YÖRÜKOĞLU EMLAKTAN HARBİŞ MAHALLESİNDE SATILIK DAİRE","100","3+1","2.050.000 TL","Merkez"
"Fırsat!! Satılık Lüks 3+1 Daire Merkez Yapılı Asansörlü Ara Kat","120","3+1","3.400.000 TL","MerkezDumlupınar"
"NAZMİ SAATÇİ MAH SATILIK 3+1 GÜNEY CEPHE BAKIMLI TEMİZ DAİRE","120","3+1","2.450.000 TL","Merkez"
"GLOBAL'DEN UYDUKENT MÜKEMMEL KONUM 2+1 FUL EŞYALI SIFIR DAİRELER","65","2+1","3.450.000 TL","Merkez"
"ÖZÇAKMAK EMLAKTAN HİSAR MAHALLESİNDE SATILIK ARA KAT 3+1 DAİRE","125","3+1","3.775.000 TL","Sandıklı"
"MERKEZ'DE ""İÇİ YENİLENMİŞ"" MANTALOMALI-ANK­ASTRELİ-ARAKAT 3+1","120","3+1","2.650.000 TL","Merkez"
"DZ YILMAZ EMLAKTAN ZAFER MAH. SATILIK DAİRE","145","3+1","2.750.000 TL","MerkezHarbiş"
"07 TRUVA EMLAK'TAN AFYONKARAHİSAR DA SATILIK 4+1","160","4+1","5.800.000 TL","Merkez"
"PLAZA'DAN ÖNDÜÇ BAHÇELİEVLER SİTESİNDE 4+1 FIRSAT SATILIK DAİRE","155","4+1","5.450.000 TL","Merkez"
"Huzur ve Sakinlik Arayanlara, sahibinden sıfır daire","100","2+1","1.400.000 TL","MerkezKöyler"
"Merkezi konumda öncephe ara kat 2+0 daire","48","2+0","1.550.000 TL","MerkezKöyler"
"Afyon merkez ambaryolu cad satılık daire","140","3+1","2.100.000 TL","Merkez"
"Uydukent Satılık 4+1 Lüks Daire Müstakil Ev Tarzında","146","4+1","5.350.000 TL","Merkez"
"SAHİBİNDEN ARA KAT UYDUKENT SELÇUKLU MAHALLESİNDE AFJETLİ DAİRE","147","3+1","5.100.000 TL","Merkez"
"PLAZA'DAN ANAYOL ÜZERİ 3+1 GENİŞ MUTFAKLI SATILIK LÜKS DAİRE","130","3+1","4.400.000 TL","Merkez"
"140M2 4+1 EBEVEYN BANYOLU VE BODRUM KİLERLİ HARİKA KONUMLU TEMİZ","150","4+1","3.850.000 TL","Merkez"
"ANA YOL ÜZERİ KAPALI OTOPARK SATILIK LÜKS 2+1 SELÇUKLU ERKMEN","85","2+1","3.850.000 TL","Merkez"
"LAVİN'DEN UYDUKENT'TE MERKEZİ KONUM 3+1 SATILIK SIFIR LÜKS DAİRE","150","3+1","7.500.000 TL","Merkez"
"SELÇUKLU DA 4+1 SİTE İÇİ KLİMALI KAPALI OTOPARKLI LÜKS DAİRE","178","4+1","6.250.000 TL","Merkez"
"STAR GAYRİMENKULDEN SELÇUKLU MAH.de 1+1 EŞYALI SATILIK DAİRE","55","1+1","2.340.000 TL","Merkez"
"CUMHURİYET PARKI ARKASI 3+1","150","3+1","3.800.000 TL","Sandıklı"
"ATMOSFER'DEN FIRSAT SATILIK SIFIR EŞYALI SIFIR DAİRE","50","1+1","1.550.000 TL","MerkezKöyler"
"SAHİBİNDEN SATILIK TOKİ EVLERİNDE 2+1 DAİRE","90","2+1","1.799.000 TL","Bolvadin"
"İSTİKLAL MAHALLESİNDE SATILIK DUBLEX 5+1 DAİRE","180","5+1","4.600.000 TL","Merkez"
"VEZİRDEN 1.99 KREDİLİ LÜKS 2+1 DAİRELER","70","2+1","4.350.000 TL","Merkez"
"SELÇUKLU MH. SİTE İÇİNDE,3+1,AFJE­TLİ,DOĞALGAZLI BAHÇE KATI DAİRE","145","3+1","3.000.000 TL","Merkez"
"Afyon Bilge Emlak'tan Fatih mah. 'de 2+1 Satılık Daire","120","2+1","1.300.000 TL","Merkez"
"ERENLERİN GÖZDE PROJESİNDE SATILIK 2+1 SIFIR DAİRE","60","2+1","1.650.000 TL","MerkezKöyler"
"Osmangazi mah. 6+1","140","6+1","6.000.000 TL","Merkez"
"Sahibinden 3+1 daire","147","3+1","5.100.000 TL","Sandıklı"
"MERKEZİ KONUMDA AFJETLİ MÜKEMMEL KONUMDA TADİLATLI","85","2+1","2.650.000 TL","MerkezDumlupınar"
"AFYON ÖZSU EMLAK'TAN EŞREFPAŞA'DA SATILIK 3+1 DAİRE","105","3+1","1.920.000 TL","MerkezEşrefpaşa"
"KOÇOĞLUNDAN SELÇUKLU PANAROMA RESİDANCE DE 5+1 SATILIK DAİRE","208","5+1","7.500.000 TL","Merkez"
"DURAK EMLAK'TAN SATILIK EŞREFPAŞA BAHÇE KATI 3+1-110m2 BAKIMLI D","115","3+1","1.500.000 TL","MerkezEşrefpaşa"
"SIFIR DAİRE ERENLERİN MERKEZİN'DE","50","1+1","1.850.000 TL","MerkezKöyler"
"Doğa Manzaralı 3+1 Mükemmel Ötesi Var Açık Otopark Satılık Acil!","150","3+1","1.375.000 TL","Merkez"
"ERENLER'DE 2+0 CADDE ÜZERİ GENİŞ ÖN CEPHE SATILIK DAİRE","60","2+0","1.650.000 TL","MerkezKöyler"
"TURAN EMLAK'TAN ERENLER MAHALLESİNDE 2+0 SATILIK DAİRE","50","2+0","1.375.000 TL","MerkezKöyler"
"UYDUKENTTE, İKİ HASTANE ORTASINDA, ARAKAT, LÜKS 3+1 DAİRE","130","3+1","4.500.000 TL","Merkez"
"AYAZ GAYRİMENKULDEN ERENLERDE 1+1 SIFIR DAİRELER","50","1+1","1.400.000 TL","MerkezKöyler"
"Favori Emlak'tan Fatih Mahallesinde Satılık 4+1 daire","165","4+1","4.750.000 TL","Merkez"
"ERBAY'DAN UYDUKENT'DE ANAYOLA CEPHELİ 2+1 SATILIK DAİRELER","65","2+1","3.500.000 TL","Merkez"
"UYDUKENT KARAHİSAR KONAKLARI BAKIMLI 3+1 DAİRE","135","3+1","4.700.000 TL","Merkez"
"AFYONKARAHİSAR DUMLUPINAR DA ACİL SATILIK DAİRE","105","2+1","2.250.000 TL","MerkezDumlupınar"
"SARITAŞ EMLAK'TAN SATILIK 2+1 DAİRE İNAZ DEPREM EVLERİ","106","2+1","1.150.000 TL","MerkezÇarşı"
"KAMPÜS EMLAKTAN SATILIK SIFIR 2+1 DAİRE","100","2+1","2.975.000 TL","Sandıklı"
"AFYON BAYLAN EMLAKTAN CUMHURİYET MAHALLESİNDE SATILIK 3+1 DAİRE","115","3+1","2.550.000 TL","Merkez"
"Sahibinden Satılık 3+1 Daire","130","3+1","3.700.000 TL","Bolvadin"
"AFYON MAREŞAL FEVZİ ÇAKM.MAH.ARAKAT 3+1 DAİRE","110","3+1","3.550.000 TL","MerkezHarbiş"
"VEYSEL EROĞLU PARKI YANINDA ULTRA LÜX 2+1 EŞYALI SATILIK DAİRE","68","2+1","4.100.000 TL","Merkez"
"Lüx Ferah Var Açık Otopark 3+1 Daire Merkezi Konum","140","3+1","4.500.000 TL","Merkez"
"ÖRNEKEVLER MAH BAKIMLI SATILIK MESKEN TAPU BAHÇE KATI 3+1 DAİRE","125","3+1","1.850.000 TL","Merkez"
"İDEAL'DEN AİLE APARTMANI ARA KATTA SATILIK GENİŞ DAİRE !!","95","2+1","2.900.000 TL","Merkez"
"DIALOG NOVA'DAN NAZMİ SAATÇİ MAH. SATILIK 3+1 FIRSAT DAİRE","135","3+1","2.375.000 TL","Merkez"
"DIALOG NOVA'DAN ERENLERDE SATILIK KÖŞE CEPHELİ EŞYALI 2+1 DAİRE","65","2+1","1.350.000 TL","MerkezKöyler"
"Nazmi Saatçi Mah 2+1 85m Mesken Tapulu","95","2+1","2.050.000 TL","Merkez"
"AFYON ÜÇOK EMLAKTAN SAHİPATA MAH CADDE ÜSTÜ SATILIK GENİŞ 3+1","140","3+1","3.300.000 TL","Merkez"
"ERENLER'DE MÜKEMMEL KONUMDA SATILIK 2+0 EŞYALI ARA KAT DAİRE","55","2+0","1.385.000 TL","MerkezKöyler"
"ÖZSU EMLAK'TAN DEVLET HASTANESİ ARKASI SATILIK 1+1 EŞYALI DAİRE","50","1+1","2.400.000 TL","Merkez"
"SELÇUK'LU MAH GÜZEL KONUMLU 1+1 DAİRE","60","1+1","2.950.000 TL","Merkez"
"LİDER den temiz 3+1 110 metrekare arakat","120","3+1","2.750.000 TL","Merkez"
"ALİ ÇETİNKAYA MAH 2+1 FIRSAT DAİRE","70","2+1","3.950.000 TL","Merkez"
"AYAZ GAYRİMENKULDEN SAHİPATA MAH 3+1 MANZARALI DAİRE","130","3+1","4.300.000 TL","Merkez"
"ÖZDEM EMLAK'TAN TÜRK-İŞ BLOKLARINDA SATILIK DAİRE","130","3+1","4.500.000 TL","Merkez"
"LAVİN'DEN IHLAMURKEN'TE ARAKAT 4+1 SATILIK DAİRE","185","4+1","5.200.000 TL","Merkez"
"!!! CUMHURİYET'TE SATILIK GENİŞ BAKIMLI 3+1 DAİRE !!!","135","3+1","2.700.000 TL","Merkez"
"HaYaLiMden Satılık Eşyalı önü açık güney cam balkonlu 2+1","78","2+1","2.825.000 TL","Merkez"
"YAMAN'DAN bolvadin konak mah. satılık 3+1 lüks daireler","138","3+1","3.900.000 TL","Bolvadin"
"TEMURLAR GRUP'dan SATILIK FULL EŞYALI DAİRE...!","50","2+0","1.430.000 TL","MerkezKöyler"
"*AFYON METROPOL GAYRİMENKULDEN YENİCE MAH.SATILIK SIFIR DAİRE*","130","3+1","3.250.000 TL","Merkez"
"SALİM GROUP EMLAKTAN ZAFER MAH MÜKEMMEL KONUMDA FIRSAT DAİRE","155","3+1","3.900.000 TL","MerkezHarbiş"
"Yeni yapılı aile apartmanı","130","3+1","4.250.000 TL","Merkez"
"LAVİN'DEN ORDU BULVARINDA ANAYOL ÜZERİ AFJETLİ 3+1 SATILIK DAİRE","230","3+1","4.750.000 TL","Merkez"
"ÖZÇAKMAK EMLAKTAN ECE MAHALLESİNDE ARAKAT 3+1 DAİRE","125","3+1","3.600.000 TL","Sandıklı"
"DZ YILMAZ EMLAKTAN CUMHURİYET MAH.SATILIK DAİRE","110","2+1","1.820.000 TL","Merkez"
"Dumlupinar mahallesi 1+1 satılık daire","55","1+1","1.550.000 TL","MerkezDumlupınar"
"MERKEZİ KONUMDA EXTRA LÜKS 100 m2 SIFIR DAİRE","100","3+1","2.750.000 TL","Bolvadin"
"AFYON MERKEZ ZAFER MAHALLESİ'NDE SATILIK 3 ADET 3+1 DAİRE","100","2+1","4.050.000 TL","MerkezHarbiş"
"GLOBAL'DEN KARŞIYAKA MH. 1+1 | 2. KAT SIFIR LÜKS DAİRE","47","1+1","2.250.000 TL","Merkez"
"AFYON ÜÇOK EMLAKTAN FATİH MAH SATILIK 2+1 FIRSAT 91M² DAİRE","91","2+1","2.560.000 TL","Merkez"
"MAREŞALDE BAYRAKTEPE CAMİİ'NE YAKIN 2+1 SIFIR DAİRELER","90","2+1","3.100.000 TL","MerkezHarbiş"
"Konumu Harika","60","2+0","1.500.000 TL","MerkezKöyler"
"Selçuklu Mah.Öykü Sitesi 3+1 Ara Kat Doğu,Güney, Batı Cepheli","130","3+1","3.850.000 TL","Merkez"
"M.FEVZİ ÇAKMAKTA ULTRALÜKS 1.SINIF SATILIK 2+1 DAİRE!","95","2+1","3.150.000 TL","MerkezHarbiş"
"2+1 Satılık toki","82","2+1","1.800.000 TL","Bayat"
"VEZİRDEN SATILIK DAİRELER 3+1 2+1 1+1","140","3+1","6.500.000 TL","Merkez"
"Uydukent'te (NİKO) Yakını Satılık 2+1 Lüks Daire","97","2+1","3.700.000 TL","Merkez"
"ATILIM EMLAK'tan UYDUKENT'te SIFIR // ULTRA Lüx 1+1 FULL Eşyalı","55","1+1","2.750.000 TL","Merkez"
"A CLASS'TAN DEVLET HAS. YANINDA 2+1 AYRI MUTFAK FIRSAT DAİRE !","65","2+1","3.250.000 TL","Merkez"
"YATIRIMCIYA FIRSAT!!! ERENLERDE İKİ AYRI KİRACILI DUBLEKS DAİRE*","95","4+0","1.680.000 TL","MerkezKöyler"
"Mükemmel Konumda Satılık Daire...","160","4+1","4.850.000 TL","Merkez"
"Dumlupınar mah. 3+1 Geniş Bakımlı Satılık Bahçe Katı","135","3+1","1.700.000 TL","MerkezDumlupınar"
"Cumhuriyet Mahallesinde Kale Manzaralı Geniş ve Ferah 4+1 Daire!","175","4+1","2.300.000 TL","Merkez"
"Afyon Merkez Uygun Orta Kat Daire BU FIRSAT KAÇMAZ!!!","105","2+1","1.179.000 TL","MerkezKöyler"
"KURTULUŞ CAD DEVRANE KARŞISI ŞOK MARKET ÜZERİ ÖN CEPHE YATIRIMLI","115","2+1","1.725.000 TL","Merkez"
"UYDUKENTİN KALBİNDE GENİŞ VE UYGUN FİYAT 2+1 SATILIK LÜX DAİRE","95","2+1","3.650.000 TL","Merkez"
"YAMAN EMLAK OFİSİ'NDEN SATILIK 2+0 EŞYALI KİRACILI DAİRE","50","2+0","1.425.000 TL","MerkezKöyler"
"ÇATI EMLAK'TAN HASAN KARAAĞAÇ MAH. 2+0 BAKIMLI DAİRE","55","2+0","1.920.000 TL","Merkez"
"EROL EMLAKTAN SAHİPATADA SATILIK 3+1 DAİRE","130","3+1","3.550.000 TL","Merkez"
"MATYAR ROYAL SUİT PROJESİNDE 2+1 FULL EŞYALI ARA KAT DAİRE","92","2+1","4.750.000 TL","Merkez"
"ALFADAN SATILIK 2+1 DUBLEKS","55","2+1","1.210.000 TL","MerkezKöyler"
"YAPAR EMLAK'TAN MAREŞAL'DE SATILIK SIFIR LÜKS 2+1 DAİRE","110","2+1","2.800.000 TL","MerkezHarbiş"
"ÖZGÜR DENİZLİ""DEN İNCİLİ MAH.ASANSÖRLÜ SATILIK 1+1 APART","75","1+1","1.750.000 TL","Emirdağ"
"ÇINAR GRUP'DAN ÇAY TOKİ'DE SATILIK 3+1 ARA KAT EKSTRALI DAİRE","110","3+1","2.030.000 TL","Çay"
"ÖZGÜR DENİZLİ""DEN İNKİLAP MAH.SUVERMEZ CAD.140M2 3+1 DAİRE","150","3+1","3.400.000 TL","Emirdağ"
"SARITAŞ EMLAK'TAN SATILIK 2+1 DAİRE İNAZ DEPREM EVLERİ","106","2+1","1.150.000 TL","MerkezÇarşı"
"A PLUS RESIDENCE SİTESİNDE 5+1 ULTRA LÜX DAİRE","280","5+1","11.750.000 TL","Merkez"
"AFYON METROPOL EMLAKTAN SATILIK 1+1 EŞYALI SIFIR DAİRE ERKMEN","65","1+1","3.250.000 TL","Merkez"
"ERA VIP'DEN KOCATEPE MAHALLESİNDE SATILIK 3+1 DAİRE","125","3+1","3.375.000 TL","Merkez"
"TURAN EMLAKTAN ERENLER MAHALLESİNDE SATILIK 2+1 DAİRE","55","2+1","1.690.000 TL","MerkezKöyler"
"MATYAR EFFECT SİTESİNDE 2+1 FULL EŞYALI ANA YOLA BAKAN DAİRE","72","2+1","4.000.000 TL","Merkez"
"HAYALİMDEN AYNI BİNADA SATILIK SORUNSUZ EŞYALI KİRACILI 2 ADET D","57","2+1","1.350.000 TL","MerkezKöyler"
"Afyon gazateciler sitesi3+1 daire","120","3+1","3.800.000 TL","MerkezÇarşı"
"ŞEKİL EMLAK'TAN SAHİPATA TOKİDE 1+1 YATIRIMLIK FIRSAT DAİRE","65","1+1","1.600.000 TL","Merkez"
"ÇATI EMLAK'TAN YAVUZ SULTAN SELİM OKULU'NUN ARKASINDA 2+1 DAİRE","105","2+1","2.430.000 TL","MerkezHarbiş"
"ALTINYILDIZ EMLAKTAN SAHİPATA KAVŞAĞINDA LÜKS DAİRE","130","3+1","4.100.000 TL","Merkez"
"ALTINYILDIZ EMLAKTAN SELÇUKLU DA CADDE ÜZERİ SATILIK 2+1 DAİRE","75","2+1","3.700.000 TL","Merkez"
"Cumhuriyet Mh. Satılık 3+1, Doğalgazlı Bakımlı Bakımlı Daire","130","3+1","3.100.000 TL","Merkez"
"Sakinlik ve huzur isteyenlere... Sahibinden Satılık Arakat Daire","100","2+1","1.400.000 TL","MerkezKöyler"
"ERENLER'DE ULTRA LÜX SATILIK 2+1 DAİRE","75","2+1","1.750.000 TL","MerkezKöyler"
"DÖRTYOL MAHALLESİNDE 4+1 SATILIK GENİŞ DAİRE","195","4+1","6.500.000 TL","MerkezÇarşı"
"2+1 Merkezi Konum Doğa Manzaralı Satılık Yok Geniş Müstakil","63","2+1","1.350.000 TL","Merkez"
"ERENLER MAH'DE CADDE ÜZERİ 1+1 SATILIK DAİRE","55","1+1","1.475.000 TL","MerkezKöyler"
"LAVİN'DEN VEYSEL EROĞLU PARKI CEPHELİ 3+1 SATILIK LÜKS DAİRE","135","3+1","6.500.000 TL","Merkez"
"3S'TEN ERKMEN ÇAVDAR NEFESTE LÜKS 1+1 ARA KAT 60M² SATILIK DAİRE","65","1+1","3.200.000 TL","Merkez"
"ME-KA GROUP'TAN ŞUHUT H 153 m2 BÜYÜKLÜĞÜNDE","165","3+1","4.000.000 TL","Merkez"
"PREMIUM'dan MARULCU MAH. SATILIK 3+1 DAİRE","130","3+1","2.450.000 TL","Merkez"
"KOCATEPE MAH. ÖNÜ AÇIK ÜÇ CEPHE SATILIK 3+1 DAİRE","125","3+1","3.300.000 TL","Merkez"
"GÜNAL'DAN HATTATKARAHİSAR MAH. 3+1 ARA KAT BAKIMLI DAİRE","125","3+1","2.480.000 TL","Merkez"
"GÜNAL'DAN M.F.ÇAKMAK'TA 2+1 ARA KAT SIFIR DAİRE","95","2+1","3.100.000 TL","MerkezHarbiş"
"ACLASS'TAN SÜMER MAH. 2+1 SATILIK MÜSTAKİL DAİRE","140","2+1","1.650.000 TL","Merkez"
"UZUNLAR EMLAK'TAN DAİRECEP( MISRİ) MAH. FIRSAT BİNA","63","2+1","1.080.000 TL","Merkez"
"ÇINAR GRUP'DAN CEDİT MAHALLESİNDE SATILIK 2+1 SIFIR DAİRE","65","2+1","1.920.000 TL","Çay"
"ÇATI EMLAK'TAN 3+1 DOĞALGAZLI ARA KAT MERKEZDE SATILIK DAİRE","125","3+1","2.300.000 TL","MerkezHarbiş"
"ERCAN ARSLAN'dan SATILIK 3+0 DAİRE","70","3+0","1.675.000 TL","MerkezKöyler"
"Afyonkarahisar İhsaniye'de 1+1 55 m2 Satılık Daire","55","1+1","500.000 TL","İhsaniye"
"UYDUKENT ERKMEN IHLAMUR PREMİUM LÜKS 4+1 SATILIK DAİRE","160","4+1","6.000.000 TL","Merkez"
"SIFIR EŞYALI SATILIK 2+1 ULTRA LÜKS DAİRE","85","2+1","1.750.000 TL","MerkezKöyler"
"Century 21 Plus Gayrimenkul'den Erenler'de Eşyalı Lüks 1+1 Daire","65","1+1","1.700.000 TL","MerkezKöyler"
"SAHİBİNDEN AFYON ERENLERDE SATILIK EŞYALI DAİRE","60","1+1","1.750.000 TL","MerkezKöyler"
"KISA SÜRELİ ÖZEL FİYAT!! ŞEHRİN KALBİNDE KAÇIRILMAYACAK FIRSAT","295","6+1","6.250.000 TL","Merkez"
"ERENLER'DE SATILIK ULTRA LÜX 2+0 DAİRE","55","2+0","1.685.000 TL","MerkezKöyler"
"EMİRDAĞ MANZARALI, ARA KAT DOĞALGAZLI","110","2+1","2.750.000 TL","Emirdağ"
"YÜKSEL DEN İSTİKLAL MAH DE SATILIK ARA KAT DAİRE","100","3+1","2.050.000 TL","Merkez"
"A CLASS tan UYDUKENTTE FULL EŞYALI SIFIR LÜKS 2+1 SATILIK DAİRE","65","2+1","3.250.000 TL","Merkez"
"""YARISI PEŞİN-YARISI 12 AY TAKSİT SIFIR FAİZ"" EŞYALI 2+1'LER","68","2+1","3.500.000 TL","Merkez"
"SALİM GRUP EMLAKTAN NEZİH GÜVENEVLER MAH BAKIMLI ÇOK TEMİZ DAİRE","135","3+1","3.350.000 TL","Merkez"
"VİZYON EMLAKTAN KANLICA'DA SATILIK 3+1 LÜKS DAİRE !","115","3+1","3.500.000 TL","Merkez"
"3. ETAP TOKİLERDE SATILIK ARA KAT YAPILI 3+1 DAİRE","130","3+1","3.425.000 TL","Dinar"
"YAMAN'DAN bolvadin lalasinan paşa mah. satılık sıfır 2+1 daire","81","2+1","2.675.000 TL","Bolvadin"
"YAPAR EMLAK'TAN CADDE ÜZERİ AMBARYOLUNDA SATILIK OFİS-BÜRO","120","3+1","3.000.000 TL","Merkez"
"BOLVADİN TOKİ KONUTLARINDA BAKIMLI 3+1 DAİRE","120","3+1","2.325.000 TL","Bolvadin"
"YAPAR'DAN ÇETİNKAYA TOKİ'DE BAKIMLI MASRAFSIZ LÜKS SATILIK DAİRE","115","3+1","3.250.000 TL","Merkez"
"DURAK EMLAK'TAN SATILIK KADINANA CAD. 4+1 SALON 160m2 KİRACILI D","170","4+1","10.500.000 TL","Merkez"
"KURTULUŞ CAD.ŞOK MAR.ÜZERİ SATILIK ARKA CEPHE 2+1 DAİRE","110","2+1","1.590.000 TL","Merkez"
"Fiyat Düştü! Açık Otopark Var Merkeze 5 dk Uzaklıkta Acil! 3+1 Satılık","130","3+1","1.590.000 TL","Dinar"
"SELÇUKLU MAHALLESİ AKARÇAY MANZARALI AFJETLİ 105 M² DAİRE","115","2+1","3.100.000 TL","Merkez"
"VEZİR EMLAKTAN SATILIK BAKIMLI 3+1 DAİRE","120","3+1","3.000.000 TL","Merkez"
"MÜKEMMEL KONUN MUHTEŞEM ÖN CEPHE DAİRE","75","2+0","1.850.000 TL","MerkezKöyler"
"UYDUKENT EMLAK'TAN ŞAHİN SUİTTE FULL EŞYALI BALKONLU DAİRE","55","1+1","3.200.000 TL","Merkez"
"AFYON METROPOL EMLAKTAN HOCA AHMET YESEVİ MAH TOKİDE SATILIK","85","2+0","1.750.000 TL","Merkez"
"ME-GROUP'TAN 3+1 LÜX SIFIR ARA KAT VE EN ÜST KAT DAİRELER","120","3+1","4.150.000 TL","Merkez"
"AFYON ÜÇOK EMLAKTAN KURTULUŞ CAD ÜZERİ ARAKAT 2+1 DAİRE","90","2+1","2.080.000 TL","Merkez"
"EFE EMLAKTAN FİYAT DÜŞTÜ DUBLEKS DAİRE","205","5+1","3.580.000 TL","Sandıklı"
"FIRSAT!!! Satılık Lüks 4+1 Daire Merkez Örnekevler Full Yapılı","210","4+1","4.000.000 TL","Merkez"
"TURAN EMLAKTAN ERENLER MAHALLESİNDE SATILIK 2+1 DAİRE","55","2+1","1.710.000 TL","MerkezKöyler"
"SAHİBİNDEN! ERKMEN SU KONAKLARI'NDA FERAH 5+1 ARAKAT DAİRE","225","5+1","6.950.000 TL","Merkez"
"Sahibinden Satılık 3+1 Daire","120","3+1","3.175.000 TL","Merkez"
"7+1 dubleks güneycephe sıfır daire yeni proje geniş teras","260","7+1","11.250.000 TL","Merkez"
"AFYONKARAHİSAR MERKEZ GÜVENEVLER AİLE TİPİ 2+1 FERAH DAİRELER...","94","2+1","4.500.000 TL","Merkez"
"Emirdağ Çarşı Merkezde SAHİBİNDEN ACİLL Satılık Daire","115","2+1","2.490.000 TL","Emirdağ"
"ADNAN MENDERES BULVARI ÜZERİNDE 3+1 SATILIK LÜX DAİRE","125","3+1","4.145.000 TL","Merkez"
"AFYON MERKEZ ERENLER MAHALLESİ'NDE 1+1 SATILIK EŞYALI DAİRE","48","1+1","1.350.000 TL","MerkezKöyler"
"Süper Lüks 2+1 Daire","80","2+1","2.850.000 TL","Bolvadin"
"Zafer Mh.'de Satılık 3+1 Doğalgazlı Daire","110","3+1","1.680.000 TL","MerkezHarbiş"
"İLBEY // Şuhut Merkez Gençlik Caddesinde 3+1 Dubleks Daire","160","2+2","2.500.000 TL","Şuhut"
"SAKA EMLAKTAN KANLICADA 2+1 SATILIK DAİRE (üçgenpark yakınında)","95","2+1","2.150.000 TL","Merkez"
"EŞREF EMLAK TAN SATILIK 2+1 SÜPER DAİRE","105","2+1","2.875.000 TL","Sandıklı"
"3S'TEN HATTAT KARAHİSAR MAH. ANA CADDE ÜSTÜ 4+1 (170 M²) DUBLEX","180","4+1","4.650.000 TL","Merkez"
"MG EMLAKTAN ERENLERDE YATIRIMLIK EŞYALI SATILIK DAİRE","55","2+0","1.450.000 TL","MerkezKöyler"
"AFYONKARAHİSAR MERKEZ ALİ ÇETİNKAYA STADİUM REZİDANS 2+1 DAİRE","85","2+1","3.950.000 TL","Merkez"
"UYDUKENT'İN KALBİNDE SATILIK 3+1, DOĞALGAZLI SİTE İÇİ LÜKS DAİRE","130","3+1","5.250.000 TL","Merkez"
"PREMİUM'DAN ALİ İHSAN PAŞA MAH. SATILIK 3+1 DAİRELER","115","3+1","4.200.000 TL","Merkez"
"KANLICADA FIRSAT 3+1 SIFIR DAİRE UYGUN FİYATA","120","3+1","3.750.000 TL","Merkez"
"AFYON BAYLAN EMLAKTAN ERKMEN BELDESİNDE SATILIK LÜKS 2+1 DAİRE","115","2+1","4.000.000 TL","Merkez"
"GELİŞGEN EMLAKTAN ERENLERDE SATILIK 2+1 EŞYALI DAİRE","70","2+1","1.590.000 TL","MerkezKöyler"
"GELİŞGEN EMLAKTAN SADIK BEY TOKİDE SATILIK 2+1 DAİRE HİSSESİ","95","2+1","1.450.000 TL","MerkezÇarşı"
"DİNAR KORUBAŞI MAHALESİNDE SATILIK 2+1 ASANSÖRLÜ SIFIR DAİRE","110","2+1","3.375.000 TL","Dinar"
"SİTE İÇERİSİNDE KÖŞE KONUMLU ARAKAT ULTRALÜKS SATILIK 3+1 DAİRE!","130","3+1","4.550.000 TL","Merkez"
"FATİH MAHALLESİNDE TEK SEÇENEK ULTRA LÜKS 3+1 SATILIK DAİRE","139","3+1","4.590.000 TL","Merkez"
"DERVİŞPAŞA MAHALLESİNDE 2+1 AFJETLİ EŞYALI LÜKS DAİRELER","62","2+1","3.050.000 TL","Merkez"
"İDEAL'DEN ASBEY KALİTESİYLE SATILIK GENİŞ VE LÜKS 3+1 DAİRELER","130","3+1","4.600.000 TL","Merkez"
"DAMLA'DAN İPLİKÇİOĞLU RESİDENCE, 3.KAT, 4+1 (160 M2) LÜKS, DAİRE","170","4+1","5.390.000 TL","MerkezÇarşı"
"DAMLA'DAN CUMHURİYET MAH, 3.KAT, 3+1 (110 M2) DOĞALGAZLI DAİRE","110","3+1","1.950.000 TL","Merkez"
"Marulcu Mah. Kurtuluş Caddesin'de Asansörlü Satılık 3+1 Daire","150","3+1","2.800.000 TL","Merkez"
"LAVİN'DEN ERKMEN CUMHURİYET MAH. 3+1 SIFIR SATILIK LÜKS DAİRE","130","3+1","4.700.000 TL","Merkez"
"ŞEHRİN EN ÇOK TERCİH EDİLEN BÖLGESİ-YATIRIM VE OTURUMA HAZIR 2+1","67","2+1","3.590.000 TL","Merkez"
"07 TRUVA EMLAK'TAN AFYONKARAHİSAR KANLICA SATILIK DAİRE","90","2+1","2.620.000 TL","Merkez"
"AFYON ÜÇOK EMLAKTAN ERENLER MAH 2+1 SATILIK LÜX EŞYALI DAİRE","65","2+1","2.000.000 TL","MerkezKöyler"
"LAVİN'DEN UYDUKENT'TE MERKEZİ KONUM 4+1 SATILIK SIFIR LÜKS DAİRE","165","4+1","8.500.000 TL","Merkez"
"A CLASS'TAN ERENLER MAH. SATILIK 2+0 EŞYALI DAİRE","60","2+0","1.350.000 TL","MerkezKöyler"
"AFYON METROPOL EMLAKTAN EŞREFPAŞA MAH. SATILIK 3+1 DAİRE","130","3+1","2.980.000 TL","MerkezEşrefpaşa"
"Kat mülkiyetli ara kar ön cephe geniş 1+1","45","1+1","1.500.000 TL","MerkezKöyler"
"KOCATEPE ANADOLU LISESINE YAKIN KONUMDA 2+1 SATILIK DAIRE","100","2+1","2.950.000 TL","Merkez"
"STRADON RESIDENCE AFYON'da Satılık 2+1 daire","85","2+1","4.750.000 TL","Merkez"
"İLCAN EMLAKTAN UYDUKENTTE SATILIK 5+1 SÜPER LÜX DAİRE","225","5+1","6.350.000 TL","Merkez"
"VEZİR EMLAKTAN EŞYALI 2+0 DAİRE!","55","2+1","2.900.000 TL","Merkez"
"Halk Bankası'ndan Afyonkarahisar Merkez Satılık Konut","113","3+1","2.350.000 TL","Merkez"
"Halk Bankası'ndan Afyonkarahisar Merkez Satılık Konut","116","3+1","3.250.000 TL","Merkez"
"MİR'DEN SELÇUKLU NİKO YANINDA (KİRACISIZ)EŞYALI 2+1SATILIK DAİRE","85","2+1","3.450.000 TL","Merkez"
"ERBAY'DAN SELÇUKLU MAHALLESİ 3+1 LÜKS DAİRELER","135","3+1","6.000.000 TL","Merkez"
"""YARISI PEŞİN-YARISI 12 AY TAKSİT SIFIR FAİZ"" EŞYALI 1+1'LER","50","1+1","2.750.000 TL","Merkez"
"KARANFİL EMLAK ESKİ STADYUM DA SATILIK 4+1 LÜXS DAİRE","180","4+1","6.400.000 TL","Merkez"
"AYAZ GAYRİMENKULDEN MECİDİYE MAH 2+1 SATILIK DAİRE","120","2+1","2.200.000 TL","Merkez"
"ÇINAR GRUP'DAN ŞİRİNEVLER MAH. SATILIK 3+1 LÜKS SIFIR DAİRELER","138","3+1","3.450.000 TL","Çay"
"ÖZDOĞANLAR EMLAK' TAN ALACA MAH. SATILIK 3+1 SIFIR DAİRELER","128","3+1","3.700.000 TL","Bolvadin"
"1 Bolova'da tadilat yapılmış giriş kat daire","90","2+1","1.625.000 TL","Bolvadin"
"YAPAR EMLAK'TAN HİLTON OTEL KARŞİSİ SATILIK 1+1 LÜKS DAİRE","60","1+1","2.820.000 TL","Merkez"
"ŞAH EMLAKTAN ERENLERDE GENİŞ 2+0 EŞYALI DAİRE","75","2+0","1.550.000 TL","MerkezKöyler"
"AFYON İMZA EMLAKTAN MAREŞAL FEVZİ ÇAKMAK MH","90","2+1","2.850.000 TL","MerkezHarbiş"
"UYDUKENT EMLAKTAN SATILIK DÜBLEX DAİRE/ ERENLER","65","2+1","1.250.000 TL","MerkezKöyler"
"HASAN KARAAĞAÇ MAHALLESİNDE SATILIK 1+1 DAİRE.","55","1+1","2.200.000 TL","Merkez"
"Aladağ'dan yenice mahallesinde 3+1 satılık daireler","125","3+1","3.750.000 TL","Merkez"
"YAPAR EMLAK'TAN KANLİCA MAH 4+1 SATILIK LÜKS DAİRE","135","4+1","4.750.000 TL","Merkez"
"1,99 !!!MUHTEŞEM YAŞAM ALANLARI İLE ULTRALÜKS SATILIK 4+1 DAİRE!","175","4+1","6.000.000 TL","MerkezÇarşı"
"Aladağ'dan kanlıca satılık 3+1 daire","130","3+1","2.550.000 TL","Merkez"
"GELİŞGEN EMLAKTAN ULTRA LÜKS SATILIK 5+1 DAİRE","260","5+1","10.500.000 TL","Merkez"
"Acil! Açık Otopark Merkeze 5 dk Uzaklıkta Kaçırılmayacak Fırsat! Satılık Var 4+1","165","4+1","2.750.000 TL","MerkezKöyler"
"Yüksel Emlak tan Satılık 3+1 Daire","115","3+1","3.180.000 TL","Sandıklı"
"Aladağ'dan Fatih Mah.3+1 sıfır satılık daireler","130","3+1","5.500.000 TL","Merkez"
"VİZYON EMLAKTAN ERENLER'DE 2+1 EŞYALI SATILIK DAİRE","62","2+1","1.390.000 TL","MerkezKöyler"
"CANCANDAN MERKEZ ELAGENCE TOWER SİTESİNDE ULTRA LÜX SATILIK 4+1","180","4+1","7.200.000 TL","Merkez"
"AFYON ÖZSU EMLAKTAN ERENLERDE SATILIK 1+1 GENİŞ DAİRE","60","1+1","1.325.000 TL","MerkezKöyler"
"MAREŞAL FEVZİ ÇAKMAK MAHALLESİNDE 3+1 SATILIK SIFIR DAİRELER..","110","3+1","3.650.000 TL","MerkezHarbiş"
"PREMİUM DAN CUMHURİYET MAH. PARKAFYON KARŞISI 2+1 DAİRE","100","2+1","2.175.000 TL","Merkez"
"Zafer Mahallesi 3+1 Lüks Daire (Emlkclr Aramyn)","120","3+1","3.600.000 TL","MerkezHarbiş"
"ULTRA LÜX DOLMUŞ HATTI ÜZERİNDE 2+1 SON 1 DAİRE!!!","90","1+1","2.100.000 TL","Bolvadin"
"3S'TEN ESENTEPE DE DUBLEKS 2+1 DOĞALGAZLI SATILIK DAİRE","100","2+1","2.390.000 TL","MerkezHarbiş"
"YAPAR EMLAK'TAN KARŞİYAKA MAH LÜKS 2+1 SATILIK DAİRE","95","2+1","3.000.000 TL","Merkez"
"HASTANE MEVKİİNDE ARA KAT SATILIK 3+1 DAİRE","130","3+1","3.150.000 TL","Dinar"
"ÇARŞI MERKEZİNDE SATILIK 2+1 GENİŞ DAİRE","130","2+1","2.100.000 TL","Dinar"
"ERA VIP'DEN FATİH MAH. SATILIK 2+1 DAİRE","90","2+1","2.195.000 TL","Merkez"
"İLCAN GAYRİMENKUL'DEN MİGROS KAVŞAĞINDA BAKIMLI SATILIK DAİRE","120","3+1","2.750.000 TL","MerkezHarbiş"
"DEĞERLİ EMLAK'TAN KURTULUŞ CAD. ÜZERİNDE SATILIK3+1BAKIMLI DAİRE","140","3+1","3.100.000 TL","Merkez"
"KUZEY EMLAK'TAN SEVGİ CADDESİN'DE BİM'İN ÜZERİNDE MUTFAK AYRI","50","2+0","1.300.000 TL","MerkezKöyler"
"AFYON ERENLER MAHALLESİN' DE SATILIK FIRSAT DAİRE","55","1+1","1.350.000 TL","MerkezKöyler"
"AFYON SELÇUKLU MAHALLESİNDE GENİŞ 2+1 SATILIK DAİRE","120","2+1","4.150.000 TL","Merkez"
"YAMAN EMLAK OFİSİNDEN CADDE ÜZERİ SATILIK EŞYALI 2+0 TEMİZ DAİRE","50","2+0","1.350.000 TL","MerkezKöyler"
"MALİYE KAVŞAĞI TEMİZ BAKIMLI ARAKAT SATILIK 3+1","125","3+1","3.500.000 TL","Merkez"
"Pektaş Evleri Projesi 3+1 125m2 Balkonlu Satılık Daire","125","3+1","4.000.000 TL","Bolvadin"
"YAP-AR DAN DERVİŞPAŞA DA SATILIK SIFIR 2+1 DAİRE","77","2+1","3.800.000 TL","Merkez"
"MG EMLAK'TAN ZAFER MAHALLESİ MUHTEŞEM KONUMLU 2+1 SATILIK DAİRE","85","2+1","2.300.000 TL","Merkez"
"NOKTA EMLAKTAN DUMLUPINAR MH.AMBARYOLU CADDESİ 3+1 SATILIK DAİRE","135","3+1","2.600.000 TL","MerkezDumlupınar"
"NOKTA EMLAK'TAN FATİH MH 3+1 SATILIK DAİRE","120","3+1","2.600.000 TL","Merkez"
"ÇATI EMLAK'TAN FATİH MAH. FİLİSTİN CADDESİ 3+1 BAKIMLI DAİRE","100","3+1","1.880.000 TL","Merkez"
"ÇARŞI MERKEZ SÜPER KONUMLU YÜKSEK KİRA GARANTİ 1+1 SON 2 DAİRE","45","1+1","1.690.000 TL","Bolvadin"
"Soydan gayrimenkulden Ön Cephe, Yüksek Kat, Yüksek Yaşam 2+1","80","2+1","4.000.000 TL","Merkez"
"EŞREF EMLAKTAN SATILIK...SÜPER DAİRE HASTANE KARŞISINDA","132","3+1","4.175.000 TL","Sandıklı"
"4+1 GENİŞ DAİRE M.AKİF YANI","180","4+1","4.200.000 TL","Sandıklı"
"AFYONKARAHİSAR'IN EN GÖZDE SEMTİ ÖRNEKEVLER'DE DUBLEX 6+1 DAİRE","230","6+1","4.400.000 TL","Merkez"
"SELÇUKLU MAH.KİRACILI-SİTE İÇİ-GÜVENLİ­KLİ-KAPALI OTOPARLI GENİŞ","160","4+1","4.750.000 TL","Merkez"
"DAMLA'DAN DOĞA KENT, 4+1 (149 M2) SIFIR, AFJETLİ, DELÜKS, DAİRE","155","4+1","6.250.000 TL","Merkez"
"AFYON ÜÇOK EMLAKTAN MECİDİYE ANA YOL ÜZERİ SATILIK LÜX 3+0 DAİRE","85","3+0","2.650.000 TL","Merkez"
"MÜSTAKİL EV TADINDA SATILIK 2+1 DAİRE","110","2+1","2.100.000 TL","Dinar"
"KaLe Emlak Gayrimenkul'den SATILIK 2+0 Eşyalı daire","110","2+0","1.950.000 TL","Merkez"
"GLOBAL'DEN SATILIK DUMLUPINAR MAHALLESİNDE 3+1 | 111 m² DAİRE","120","3+1","2.500.000 TL","MerkezDumlupınar"
"AFYON ÜÇOK EMLAKTAN GAZİ MAH SATILIK 3+1 ARAKAT DAİRE","115","3+1","2.550.000 TL","MerkezHarbiş"
"Kurtuluş Caddesi üzerinde 2+1 Ara Kat Dairemiz satılıktır","95","2+1","2.200.000 TL","Merkez"
"Erenler Parkı Yanı Satılık Daire 2+0","60","2+0","1.595.000 TL","MerkezKöyler"
"AFYON ÜÇOK EMLAKTAN HASAN KARAAĞAC MAH SATILIK 2+0 DAİRE","70","2+0","2.100.000 TL","Merkez"
"GELİŞGEN EMLAKTAN İSTİKLALDE SATILIK 4+1 DAİRE","165","4+1","3.850.000 TL","Merkez"
"MARAŞAL FEVZİ ÇAKMAK MAHALLESİN DE SATILIK LÜKS DAİRELER","120","3+1","4.000.000 TL","MerkezHarbiş"
"DOĞA EMLAK'TAN TAŞPINAR MAH. SATILIK DAİRE","90","2+1","1.490.000 TL","Merkez"
"PANORAMA'DA 13.KATTA-KESNTİSİZ AFYON MANZARALI LÜKS 5+1-HAVUZLU","208","5+1","7.900.000 TL","Merkez"
"KANLICA MAH GÜNEY CEPHE BAKIMLI 3+1 LÜKS DAİRE","125","3+1","3.950.000 TL","Merkez"
"YAP-AR DAN ERENLER DE ÖN CEPHE BALKONLU SATILIK 2+0 DAİREMİZ","50","2+0","1.310.000 TL","MerkezKöyler"
"H.AHMET YESEVİ DE KAP. OTOPARKLI SATILIK 3+1 ULTRALÜKS DAİRE!","130","3+1","3.900.000 TL","Merkez"
"MUHTEŞEM KONUMLU GÜNEY CEPHE ÖNÜ AÇIK 4+1 SATILIK DAİRE","160","4+1","5.750.000 TL","Merkez"
"AFYON BAYLAN EMLAKTAN ESENTEPE MAH.SATILIK 3+1 DAİRE","130","3+1","3.400.000 TL","MerkezHarbiş"
"AFYON BAYLAN EMLAKTAN MARULCU MAH.SATILIK 2+1 DAİRE","90","2+1","1.600.000 TL","Merkez"
"AFYON MERKEZ ERENLER MAHALLESİ'NDE SATILIK 1+1 EŞYALI DAİRE","48","1+1","1.350.000 TL","MerkezKöyler"
"sahibinden satılık daire","110","3+1","2.350.000 TL","Merkez"
"Satılık 3+1 daire Ece mah","140","3+1","4.650.000 TL","Sandıklı"
"GLOBAL'DEN SELÇUKLU MH. 2+1 | 85 m² FULL EŞYALI SIFIR LÜKS DAİRE","85","2+0","3.450.000 TL","Merkez"
"HARİKA KONUMDA BAKIMLI SAHİBİNDEN SATILIK DAİRE","140","3+1","3.050.000 TL","Merkez"
"ME-KA GROUP'TAN ÇETİNKAYA TOKİLERDE SATILIK 2+1 DAİRE","95","2+1","2.600.000 TL","Merkez"
"ME-KA GROUP'TAN SELÇUKLU AKARÇAY GOLD SİTESİNDE 4+1 LÜKS DAİRE","185","4+1","7.200.000 TL","Merkez"
"Selçuklu Mah. Arakat 4+1 geniş lüks daire","220","4+1","7.750.000 TL","Merkez"
"KIRKER'DEN Kocatepe Mh. 3+1 Satılık Fırsat Daire !","125","3+1","2.070.000 TL","Merkez"
"KIRKER'DEN Cumhuriyet Mh. 3+1 Satılık Bakımlı Fırsat Daire !","120","3+1","2.550.000 TL","Merkez"
"Aladağ'dan Uydukent selcukluda 1+1 eşyalı satılık daire","55","1+1","2.975.000 TL","Merkez"
"SAHİBİNDEN SATILIK GÜVENEVLERDE GENİŞ 3+1 ASANSÖRLÜ DAİRE","150","3+1","5.000.000 TL","Merkez"
"Emirdağ Karşıyaka Mh 3+1 Satılık Sıfır Daire","125","3+1","3.055.000 TL","Emirdağ"
"DUMLUPINAR YEŞİL YOL ŞEMSETTİN ORTAOKULU YAKINI GENİŞ 3+1","165","3+1","4.400.000 TL","MerkezDumlupınar"
"Emirdağ İncili Mh Satılık 3+1 Sıfır Daireler","125","3+1","3.055.000 TL","Emirdağ"
"* Afyon Otogar Arkasında 4+1 Villa Tipi Zemin kat daireler","148","4+1","7.190.000 TL","Merkez"
"FATİH MAH. SATILIK 2+1 DAİRE","90","2+1","2.630.000 TL","Merkez"
"AYAZ GAYRİMENKULDEN MECİDİYE MAHALLESİ 3+1 SATILIK DAİRE","135","3+1","1.920.000 TL","Merkez"
"UMUT EMLAK'TAN; ÇAY-ALİ KALELİ CAD.DE SATILIK 2+1 DAİRE.","85","2+1","1.550.000 TL","Çay"
"ANAYOLA SIFIR PARK AFYONA 2DK VİLLA KONFORUNDA DUBLEX 4+1 DAİRE","310","4+1","7.200.000 TL","Merkez"
"Yörükoğlu emlaktan gazlıgöl cad satılık daire","140","3+1","5.200.000 TL","Merkez"
"SANAT EMLAK'TAN ÇARŞI MERKEZDE 135M2 3+1 DAİRE","140","3+1","3.100.000 TL","Sandıklı"
"Molleli emlaktan selçuklu da sıfır 4+1 daire","174","4+1","8.250.000 TL","Merkez"
"EFE EMLAKTAN 230m2 DUBLEKS DAİRE","245","6+2","4.700.000 TL","Sandıklı"
"UMUT EMLAK'TAN;ÇAY-CEDİT MAH.DÖRTYOL YAKININDA SATILIK 3+1 DAİRE","126","3+1","1.950.000 TL","Çay"
"Var Çok Uygun 3+1 Daire Emsalsiz Konumda Yok Sahibinden","125","3+1","3.100.000 TL","Merkez"
"SEVGİ YOLUNDA SATILIK DAİRE","55","2+0","1.295.000 TL","MerkezKöyler"
"ME-KA GROUP'TAN LÜX 3+1 SIFIR DAİRELER","110","3+1","3.650.000 TL","Merkez"
"AFYON ÜÇOK EMLAKTAN İSTİKLAL MAH SATILIK 3+1 FIRSAT DAİRE","145","3+1","3.600.000 TL","Merkez"
"AFYONKARAHİSAR MERKEZ GÜVENEVLER AİLE TİPİ 2+1 FERAH DAİRELER...","97","2+1","4.200.000 TL","Merkez"
"Halk Bankası'ndan Afyonkarahisar Bolvadin Satılık Konut","113","3+1","2.915.000 TL","Bolvadin"
"ÖRNEK EVLERDE SATILIK 3+1 DAİRE","115","3+1","2.700.000 TL","Merkez"
"AFYON BAYLAN EMLAK'TAN SELÇUKLU MAH. SATILIK 3+1 LÜKS DAİRE","130","3+1","3.850.000 TL","Merkez"
"AFM EMLAK'TAN CUMHURİYET MAHALLESİN'DE 3+1 SATILIK DAİRE","136","3+1","4.300.000 TL","Merkez"
"İLCAN EMLAKTAN İSTİKLAL MAH.DE SATILIK BODRUM KAT DAİRE","85","2+1","850.000 TL","Merkez"
"BAL EMLAK'TAN HARB-İŞ/KOCATEPE MAHALLESİNDE 120m2 SATILIK DAİRE","130","3+1","2.450.000 TL","Merkez"
"AMBARYOLUNDA SATILIK 2+1 DAİRE...!","85","2+1","1.790.000 TL","Merkez"
"TEMURLAR GRUP 'dan FULL EŞYALI 1+1..2+1 DAİRELER..!","50","1+1","2.550.000 TL","Merkez"
"FORBES GAYRİMENKUL DEN PANORAMA DA SATILIK ULTRA LÜKS 5+1","208","5+1","9.000.000 TL","Merkez"
"Aladağ'dan yenice mahallesinde 2+1 sıfır satılık daireler","100","2+1","3.150.000 TL","Merkez"
"İDEAL'DEN ASBEY KALİTESİYLE SATILIK GENİŞ VE LÜKS 3+1 DAİRELER!!","130","3+1","4.600.000 TL","Merkez"
"KOÇOĞLUNDAN ALİİHSAN PAŞADA AYRI MUTFAK SIFIR 2+1 SATILIK DAİRE","97","2+1","3.400.000 TL","Merkez"
"OTOGAR HASTANE YANI SATILIK 4+1 DAİRE","184","4+1","4.750.000 TL","MerkezÇarşı"
"MAREŞAL FEVZİ ÇAKAMAK MAHALLESİNDE 2+1 SATILIK SIFIR DAİRELER..","90","2+1","3.150.000 TL","MerkezHarbiş"
"VAKIF KATILIM BANKASINDAN AFYON MERKZDE 5+1 SATILIK DUBLEX DAİRE","205","5+1","4.200.000 TL","Merkez"
"3+1 DUBLEX DAİRE","120","2+2","3.850.000 TL","Sandıklı"
"VİZYON EMLAKTAN KANLICA MAHALLESİNDE SATILIK 4+1 GENİŞ DAİRE","145","4+1","4.500.000 TL","Merkez"
"Yeşilyolda Migros üzeri kapalı garajlı geniş cepheli","180","4+1","6.100.000 TL","Merkez"
"ACİL!!!! Emirdağ Merkezinde Lüks Daire","150","4+1","3.550.000 TL","Emirdağ"
"sahibinden acil satılık son 1 hafta","140","3+1","3.675.000 TL","Merkez"
"SAHİBİNDEN 3+1 GENİŞ DAİRE","135","3+1","4.580.000 TL","Merkez"
"AFYON BAYLAN EMLAKTAN YEŞİLYURT MAH SATILIK 1.İNCİ KAT DAİRE","110","3+1","2.150.000 TL","Merkez"
"ALİ ÇETİNKAYA MAH. PARK NEVA SATILIK GENİŞ 2+1 DAİRE","89","2+1","5.250.000 TL","Merkez"
"ALYAS GAYRİMENKULDEN EMİRDAĞDA ÇARŞIYA YAKIN SATILIK 3+1 DAİRE","134","3+1","3.300.000 TL","Emirdağ"
"DİNARIN EN UYGUN FİYATLI 3+1 DAİRESİ","155","3+1","2.750.000 TL","Dinar"
"Bu rakama 3+1 daire kalmadı !","116","3+1","2.610.000 TL","Dinar"
"GÜVENEVLER'DE SATILIK 3+1 KOMBİLİ ARA KAT PARKA CEPHELİ DAİRE","135","3+1","2.800.000 TL","Merkez"
"SAPİPATA MAH.DE KÖŞEBAŞI, DOĞALGAZ KOMBİLİ SATILIK 3+1 DAİRE","122","3+1","2.720.000 TL","Merkez"
"ALTINYILDIZDAN DUMLUPINAR CADDE ÜZERİ SATILIK","125","3+1","1.925.000 TL","MerkezDumlupınar"
"ATILIM EMLAK'tan HASTANE YANI / ULTRA LÜX 1+1 / KİRACILI","55","1+1","2.950.000 TL","Merkez"
"03 EMLAK(Ahmet Baştuğ'dan) 2+1 FIRSAT SIFIR DAİRE/ANA YOL'DA","90","2+1","2.950.000 TL","MerkezHarbiş"
"AFYON ERENLER'DE UYGUN FİYATLI 2+1 ÇATI KATI SATILIK DAİRE","55","2+1","1.300.000 TL","MerkezKöyler"
"SAĞLAM EMLAKTAN SELÇUKLUDA LÜKS 4+1DAİRE","160","4+1","6.600.000 TL","Merkez"
"MESLİFE KONUTLARI","130","3+1","6.000.000 TL","Merkez"
"CENTURY21 PLUS'DAN KARAMAN MAH.HARİKA KONUMLU SATILIK DAİRE","150","3+1","5.400.000 TL","Merkez"
"İLBEY // Şuhut Merkez ""İSTİKLAL"" Mahallesinde Satılık 3+1 Daire","135","3+1","2.750.000 TL","ŞuhutBalçıkhisar"
"KARANFİL EMLAK İSTİKLAL MAHALLESİ SATILIK BAHÇE KATI DAİRE","75","2+0","1.550.000 TL","Merkez"
"A CLASS'TAN MİLSAPARK ST. 4+1 ARAKAT 196 M2 SATILIK DAİRE","196","4+1","4.200.000 TL","Merkez"
"A CLASS'TAN DERVİŞPAŞA MAH. SATILIK 3+1 İÇİ MASRAFSIZ DAİRE&OFİS","110","3+1","2.900.000 TL","Merkez"